,Quant,GraduationYear,experince,12percentage,10percentage,Salary
1521,210,2014,1,87.58,79.6,195000
1473,595,2012,0,76.0,88.4,460000
731,605,2013,1,72.6,88.0,200000
271,515,2013,1,63.0,83.0,160000
1509,235,2013,1,46.0,55.0,105000
369,720,2013,1,90.8,91.8,380000
783,795,2014,1,78.8,82.0,325000
1866,485,2011,0,78.2,67.7,500000
2466,475,2012,0,57.0,72.0,270000
2057,495,2010,0,86.29,92.0,75000
2083,544,2011,0,63.0,65.16,150000
1087,575,2015,1,88.3,90.0,325000
674,330,2014,1,83.58,88.2,100000
109,465,2014,1,61.0,64.0,360000
933,585,2014,1,61.6,79.37,265000
2470,445,2011,0,70.0,72.0,200000
1261,680,2013,1,88.0,92.83,565000
2363,375,2013,1,66.67,78.0,160000
1411,320,2014,1,60.0,62.0,125000
2713,705,2014,1,82.4,92.4,335000
2181,655,2013,1,78.0,85.38,335000
1458,510,2014,1,74.0,82.0,240000
119,575,2011,0,75.0,76.0,315000
2951,445,2013,1,69.16,87.2,240000
1490,695,2014,1,89.0,92.0,305000
2162,615,2010,0,64.4,66.5,750000
2859,400,2014,1,68.5,72.0,400000
1820,400,2014,1,54.0,72.0,145000
1754,650,2013,1,70.8,90.0,335000
2942,885,2013,1,91.4,95.2,500000
2276,405,2011,0,74.0,75.0,100000
2468,415,2014,1,68.04,62.6,220000
2760,475,2011,0,83.0,71.0,280000
2592,560,2014,1,91.0,82.7,320000
215,495,2012,0,57.8,73.0,225000
2962,450,2014,1,61.83,83.46,350000
1749,510,2014,1,65.2,94.43,330000
392,515,2012,0,64.0,85.0,435000
27,695,2010,0,78.6,86.17,500000
2360,720,2013,1,96.33,97.76,800000
2065,235,2012,0,80.7,81.2,215000
478,605,2011,0,93.0,91.4,495000
2984,505,2011,0,58.6,69.2,105000
2559,415,2013,1,74.0,62.13,95000
2410,430,2013,1,76.0,85.0,350000
2883,345,2011,0,52.0,58.0,100000
678,405,2012,0,63.83,62.5,230000
1255,415,2014,1,67.0,81.0,240000
1396,425,2012,0,63.6,48.0,180000
2906,440,2013,1,72.8,75.6,210000
619,525,2011,0,92.3,85.0,360000
1482,510,2014,1,61.6,76.0,100000
1717,870,2013,1,87.0,78.8,605000
1697,545,2014,1,87.4,74.83,350000
2211,575,2012,0,65.2,59.0,350000
1939,465,2011,0,52.0,77.0,640000
1257,340,2013,1,61.0,69.0,200000
2597,345,2012,0,55.0,70.2,310000
1432,430,2014,1,85.4,86.4,325000
563,595,2012,0,90.1,82.67,410000
2850,555,2012,0,56.0,66.8,90000
906,545,2011,0,62.0,71.0,225000
1423,445,2012,0,65.33,65.23,285000
188,655,2012,0,94.16,89.0,385000
1185,505,2012,0,77.16,72.6,300000
2275,555,2012,0,64.0,73.0,460000
692,645,2014,1,91.83,92.8,220000
927,470,2013,1,64.8,85.75,130000
1610,615,2010,0,83.6,82.5,495000
2090,725,2009,0,62.0,69.0,180000
1403,615,2012,0,77.4,77.33,400000
2748,545,2012,0,82.2,74.33,200000
1109,655,2014,1,80.75,72.0,320000
1733,405,2014,1,66.4,69.8,240000
997,395,2012,0,72.0,61.0,210000
2143,475,2014,1,78.2,85.8,360000
597,295,2014,1,62.2,55.0,200000
314,320,2014,1,61.92,88.64,100000
1840,470,2013,1,89.33,79.2,40000
37,320,2014,1,65.72,63.5,220000
425,270,2013,1,64.0,63.0,120000
2618,505,2012,0,68.4,80.5,550000
2836,635,2012,0,85.0,93.0,405000
2271,435,2011,0,62.8,61.4,300000
2901,505,2013,1,65.0,73.0,350000
1157,650,2014,1,73.0,83.0,120000
2052,370,2013,1,60.0,80.0,300000
299,794,2014,1,87.6,81.2,820000
443,585,2014,1,89.4,90.0,2000000
1277,575,2014,1,65.6,64.4,150000
1983,510,2013,1,76.8,72.2,145000
596,415,2014,1,63.7,67.3,180000
1549,445,2016,1,79.8,72.3,350000
2148,425,2013,1,76.6,84.4,195000
1041,395,2011,0,57.8,75.8,180000
667,535,2013,1,89.0,85.33,315000
1138,470,2014,1,65.2,69.85,120000
1418,555,2013,1,66.2,76.4,165000
546,510,2013,1,74.0,77.0,300000
2067,465,2013,1,66.0,77.0,335000
2565,535,2013,1,93.0,90.0,100000
2226,680,2014,1,74.0,81.0,200000
666,180,2012,0,67.25,67.72,185000
2402,510,2014,1,69.4,78.6,350000
766,515,2012,0,69.8,86.2,150000
1061,485,2013,1,63.0,70.75,300000
1386,505,2011,0,68.89,63.2,445000
191,605,2012,0,81.0,79.8,420000
2300,545,2013,1,56.0,63.0,145000
2184,525,2012,0,87.0,95.04,530000
1538,450,2014,1,87.0,90.0,350000
518,705,2013,1,60.2,75.4,400000
1693,605,2010,0,84.53,74.53,555000
2726,405,2012,0,64.1,77.7,105000
2831,605,2012,0,77.23,84.83,180000
229,370,2014,1,72.5,79.0,205000
351,590,2013,1,80.6,78.0,240000
1843,425,2011,0,85.2,68.5,290000
2254,310,2014,1,81.5,90.46,310000
1351,554,2011,0,80.0,87.0,320000
1628,425,2010,0,53.55,78.28,455000
564,665,2014,1,87.0,86.0,450000
1569,810,2014,1,81.12,88.17,240000
1160,475,2014,1,56.9,77.12,100000
2238,570,2013,1,70.0,83.4,800000
2970,645,2012,0,80.8,84.0,500000
405,405,2011,0,67.67,78.88,425000
1880,320,2015,1,77.0,84.0,405000
57,415,2013,1,80.2,81.5,310000
2766,695,2013,1,88.8,89.0,365000
2506,325,2013,1,85.5,71.2,330000
2664,310,2014,1,71.6,75.0,320000
238,495,2010,0,59.2,68.0,375000
1639,345,2014,1,65.0,85.0,200000
2880,575,2014,1,80.6,79.0,320000
1015,415,2014,1,68.0,68.0,100000
745,450,2013,1,61.8,68.66,120000
402,495,2010,0,60.0,68.0,200000
2852,630,2013,1,66.0,78.2,325000
2778,415,2013,1,60.2,72.3,280000
2430,485,2013,1,84.8,87.4,320000
2699,560,2015,1,62.0,74.5,60000
670,525,2012,0,97.6,89.0,375000
1362,385,2011,0,66.66,48.0,440000
452,605,2011,0,68.6,70.1,505000
2692,445,2013,1,85.4,81.6,345000
2073,465,2014,1,66.0,74.16,75000
2412,485,2012,0,71.0,88.34,340000
2655,690,2014,1,71.4,72.6,320000
2369,665,2013,1,65.4,74.0,200000
487,735,2013,1,75.6,84.4,330000
2820,575,2011,0,59.38,55.5,250000
1093,675,2012,0,87.0,90.4,430000
438,625,2011,0,94.1,89.0,240000
748,445,2011,0,66.0,65.0,360000
2039,430,2013,1,71.0,78.0,250000
609,295,2010,0,87.4,84.2,570000
1618,355,2013,1,78.3,72.5,220000
2512,605,2012,0,85.8,84.8,180000
1376,505,2012,0,70.0,70.0,210000
2797,425,2013,1,74.4,81.0,215000
1826,645,2014,1,93.9,89.5,145000
1949,825,2012,0,65.9,94.4,240000
1453,390,2015,1,81.0,80.0,300000
330,575,2013,1,88.0,86.0,310000
1942,795,2013,1,92.2,89.5,300000
2683,595,2014,1,90.1,90.8,250000
2241,470,2013,1,87.9,65.0,100000
426,425,2011,0,62.4,55.33,160000
1725,590,2012,0,75.6,84.0,360000
2843,475,2012,0,65.0,67.0,180000
1002,625,2010,0,77.54,68.33,160000
2332,625,2012,0,92.5,88.16,490000
1032,760,2014,1,79.4,72.83,340000
517,585,2013,1,65.2,76.2,110000
1692,605,2012,0,82.0,69.0,200000
1965,355,2013,1,89.0,86.16,365000
1043,485,2014,1,86.0,89.0,215000
581,324,2011,0,57.8,78.4,200000
459,825,2013,1,92.5,87.6,340000
2650,530,2013,1,89.0,81.5,400000
303,620,2014,1,74.4,84.6,360000
132,430,2012,0,64.33,76.66,95000
2967,405,2010,0,82.5,90.88,345000
2449,500,2012,0,54.66,60.0,130000
526,560,2013,1,93.9,87.0,275000
2385,500,2012,0,79.8,77.2,180000
936,405,2012,0,65.0,58.0,260000
144,445,2014,1,95.2,87.7,200000
2972,585,2014,1,74.4,70.0,180000
1573,455,2014,1,91.5,79.83,305000
1232,525,2012,0,55.54,65.56,350000
204,475,2015,1,66.66,76.0,250000
41,565,2012,0,83.0,91.0,165000
2855,450,2014,1,84.0,94.0,350000
963,595,2014,1,64.8,77.85,180000
1264,725,2011,0,87.3,83.0,500000
1845,485,2014,1,91.0,86.5,180000
1768,525,2010,0,76.3,81.3,260000
2917,500,2013,1,69.6,77.83,335000
2563,340,2011,0,80.83,72.36,230000
4,365,2012,0,75.0,82.0,200000
943,545,2014,1,84.0,78.0,315000
1136,625,2012,0,81.6,90.4,320000
2807,295,2013,1,52.5,46.24,105000
2936,595,2012,0,74.67,75.33,505000
2318,390,2014,1,47.0,60.0,120000
2838,320,2015,1,52.2,71.2,110000
958,425,2011,0,72.0,71.0,400000
1825,735,2013,1,87.2,91.17,310000
1077,590,2012,0,75.2,78.4,200000
390,345,2014,1,87.9,81.0,300000
1349,675,2012,0,78.13,76.0,500000
1303,435,2012,0,76.0,56.0,105000
2000,365,2012,0,83.0,68.0,350000
251,505,2010,0,87.0,79.66,300000
1184,655,2012,0,73.4,89.8,520000
357,485,2013,1,69.0,77.57,200000
1460,325,2012,0,85.36,76.8,3500000
938,595,2013,1,72.6,74.0,420000
2265,565,2012,0,75.0,75.0,335000
2589,555,2012,0,71.2,69.2,300000
969,475,2014,1,66.0,80.0,215000
528,430,2017,1,71.0,76.0,290000
232,605,2011,0,92.3,90.6,375000
610,545,2010,0,72.6,78.2,680000
2530,455,2014,1,74.4,81.4,200000
2781,680,2012,0,60.8,67.2,550000
1779,405,2012,0,77.0,82.2,400000
1547,385,2010,0,76.0,77.0,500000
653,650,2014,1,76.0,86.14,325000
781,470,2013,1,65.0,65.0,120000
1450,705,2013,1,86.8,87.4,590000
2989,320,2014,1,86.7,81.1,300000
676,270,2014,1,74.5,87.52,310000
1231,575,2013,1,88.5,78.6,200000
1568,545,2013,1,79.0,82.0,300000
2434,625,2011,0,75.0,89.0,490000
2122,575,2012,0,56.6,71.67,210000
758,500,2013,1,74.0,76.0,180000
2848,475,2012,0,89.0,81.0,430000
2720,605,2012,0,80.0,83.66,325000
2486,645,2014,1,72.1,82.1,310000
2253,535,2011,0,81.4,93.94,450000
2367,680,2012,0,76.5,82.0,405000
1269,680,2014,1,88.0,82.6,325000
2279,375,2012,0,67.23,87.0,180000
2514,765,2014,1,68.0,87.0,275000
1964,635,2014,1,80.0,78.8,180000
867,485,2012,0,62.0,70.0,180000
2207,465,2012,0,68.8,57.5,145000
2737,365,2012,0,67.0,58.0,95000
1099,525,2011,0,82.66,84.5,345000
636,595,2010,0,71.0,71.6,240000
2361,455,2014,1,90.0,93.07,145000
784,565,2011,0,74.0,67.8,305000
522,590,2013,1,74.2,84.6,275000
283,665,2014,1,76.6,87.2,325000
1363,325,2012,0,85.0,76.53,200000
2704,455,2014,1,69.0,76.0,400000
1992,545,2014,1,86.0,94.4,240000
909,530,2013,1,61.0,86.0,265000
1773,825,2013,1,77.77,85.17,350000
2982,615,2011,0,86.8,80.83,425000
1912,620,2014,1,90.0,89.0,205000
2225,470,2014,1,67.6,75.4,380000
1625,380,2015,1,72.0,58.6,120000
2170,485,2011,0,63.2,70.3,550000
1661,680,2013,1,76.6,77.8,375000
2063,565,2011,0,52.0,49.0,270000
2027,515,2012,0,76.4,79.0,310000
145,575,2013,1,78.0,88.0,420000
1997,460,2014,1,60.0,75.0,145000
2447,635,2010,0,73.0,83.0,200000
1260,585,2013,1,74.0,79.0,170000
1237,465,2011,0,91.9,80.2,290000
1191,680,2013,1,68.0,85.4,330000
162,500,2013,1,71.0,73.5,325000
2620,530,2012,0,91.33,86.2,400000
1313,585,2012,0,96.25,90.3,450000
1487,445,2011,0,60.0,58.0,325000
1343,585,2013,1,86.4,86.0,400000
2912,515,2013,1,74.0,79.0,300000
2313,355,2014,1,78.6,86.8,325000
359,415,2012,0,61.0,67.0,420000
1078,590,2013,1,74.0,83.0,240000
486,450,2013,1,89.6,77.6,180000
2628,430,2013,1,66.0,77.0,240000
1900,535,2013,1,65.0,67.0,325000
2799,590,2015,1,93.5,93.3,310000
1236,705,2014,1,89.91,83.6,325000
2381,605,2011,0,76.6,65.0,400000
379,285,2012,0,77.16,76.48,445000
1180,400,2013,1,74.0,76.0,385000
1311,625,2010,0,82.5,85.46,400000
1678,575,2011,0,74.8,78.8,390000
1611,500,2014,1,84.0,86.0,200000
757,380,2014,1,68.0,58.9,180000
39,575,2012,0,61.0,76.0,240000
1042,390,2014,1,54.0,48.0,120000
2531,435,2012,0,68.0,55.0,180000
2439,560,2013,1,74.0,80.0,240000
1225,530,2013,1,62.0,64.0,210000
2965,575,2012,0,90.6,80.0,145000
1070,515,2011,0,56.0,63.0,390000
2788,425,2010,0,72.0,72.0,130000
1270,565,2012,0,82.0,83.0,375000
2014,365,2012,0,62.66,73.6,400000
1284,295,2009,0,66.0,77.0,680000
59,585,2010,0,86.1,74.0,380000
2377,525,2013,1,80.6,80.4,240000
2739,370,2014,1,50.8,55.6,120000
2856,575,2013,1,79.6,70.6,310000
414,515,2011,0,61.23,54.83,150000
764,355,2013,1,76.0,78.0,45000
2622,695,2012,0,97.2,88.83,530000
1379,455,2010,0,62.0,72.0,470000
1013,545,2013,1,92.9,88.4,310000
2532,605,2012,0,85.2,88.33,395000
2440,425,2014,1,79.4,90.0,300000
1505,385,2014,1,73.8,67.0,225000
1230,500,2013,1,89.2,82.8,310000
2087,595,2013,1,76.0,79.5,300000
1489,555,2011,0,75.25,84.6,200000
2244,655,2011,0,77.1,84.67,2300000
2128,560,2015,1,87.2,91.0,400000
440,380,2014,1,67.5,86.08,300000
1049,525,2014,1,95.2,88.5,300000
477,285,2010,0,56.0,69.33,480000
1197,560,2013,1,77.2,76.0,310000
2700,545,2013,1,72.0,74.0,445000
2510,560,2013,1,69.16,86.5,300000
1486,270,2013,1,63.6,72.4,85000
715,585,2014,1,70.0,85.73,300000
1901,515,2012,0,94.0,84.0,360000
1140,595,2014,1,84.0,80.0,120000
2147,465,2015,1,56.04,80.04,120000
1934,405,2014,1,94.9,91.8,275000
1859,485,2013,1,87.4,92.3,290000
2619,430,2012,0,65.6,82.0,195000
6,405,2013,1,53.2,72.5,150000
1922,545,2014,1,73.0,71.8,345000
1875,645,2010,0,61.8,78.4,180000
840,575,2012,0,76.5,88.2,315000
1083,405,2011,0,81.66,87.04,290000
2649,425,2012,0,68.67,70.0,180000
125,625,2011,0,71.8,81.8,170000
1955,390,2013,1,77.4,81.7,140000
2835,400,2014,1,66.3,81.0,300000
2884,235,2014,1,51.3,69.0,110000
708,740,2014,1,63.6,86.8,315000
2803,405,2013,1,91.4,85.4,205000
1203,325,2013,1,69.7,79.2,105000
391,190,2015,1,66.0,84.0,110000
2522,415,2013,1,72.0,68.0,300000
220,635,2013,1,76.6,79.2,310000
2847,680,2014,1,66.15,69.0,330000
2216,735,2013,1,96.0,86.0,440000
17,620,2014,1,89.0,86.0,210000
58,465,2012,0,66.0,63.0,450000
568,500,2014,1,77.0,64.0,240000
1788,575,2012,0,71.4,69.6,95000
2828,425,2012,0,80.0,67.0,600000
2299,500,2014,1,76.8,87.0,225000
937,720,2013,1,63.33,61.4,310000
2116,505,2013,1,71.8,75.0,325000
411,470,2012,0,56.6,70.0,150000
703,455,2013,1,78.0,82.0,215000
2551,325,2012,0,63.0,60.0,205000
261,595,2013,1,79.2,64.4,180000
1853,485,2012,0,79.3,80.0,200000
2643,645,2014,1,80.3,83.33,320000
2918,585,2014,1,81.4,89.5,320000
269,725,2012,0,94.6,93.0,360000
1950,415,2012,0,80.1,83.0,395000
149,525,2011,0,83.8,89.8,480000
107,655,2010,0,68.83,75.83,465000
1791,510,2014,1,90.0,90.0,305000
1068,500,2013,1,58.0,81.5,205000
1519,415,2014,1,69.0,73.0,180000
2490,210,2014,1,68.15,63.33,100000
1,210,2014,1,64.5,57.0,110000
384,395,2012,0,89.0,88.0,420000
530,585,2013,1,78.0,74.0,340000
588,470,2014,1,87.83,84.0,100000
1079,560,2013,1,68.8,70.0,120000
1267,605,2013,1,73.0,79.0,100000
453,400,2013,1,73.0,86.0,145000
2336,445,2011,0,63.0,74.0,600000
1491,680,2014,1,85.6,93.0,400000
1982,750,2014,1,65.8,85.8,340000
1662,495,2012,0,81.0,73.0,300000
700,465,2013,1,75.6,65.0,105000
1094,525,2013,1,63.0,71.0,240000
710,375,2011,0,70.0,71.0,265000
2479,310,2013,1,81.0,83.0,105000
855,620,2014,1,70.0,80.0,400000
2680,470,2014,1,71.0,76.0,180000
1564,355,2012,0,69.07,71.05,165000
1528,150,2012,0,59.0,72.0,225000
713,650,2013,1,95.2,89.6,350000
2919,630,2014,1,88.2,90.4,305000
2677,605,2014,1,73.2,86.6,325000
2549,325,2013,1,77.0,84.0,150000
2213,595,2015,1,85.0,88.0,700000
1052,545,2012,0,72.0,80.2,345000
819,645,2011,0,71.25,80.5,300000
2504,505,2010,0,90.6,87.0,490000
1902,485,2010,0,81.1,85.5,180000
1709,525,2014,1,86.0,93.0,310000
2598,405,2011,0,60.4,59.3,435000
1700,440,2013,1,82.8,78.0,200000
2310,554,2012,0,60.0,62.8,120000
2018,390,2014,1,72.0,76.0,200000
52,504,2011,0,68.4,70.2,510000
2079,500,2014,1,75.0,75.0,220000
1931,260,2014,1,66.8,75.0,200000
1753,565,2010,0,62.4,64.8,475000
20,430,2013,1,50.0,60.0,240000
1414,645,2013,1,91.0,88.6,325000
2529,575,2013,1,66.0,71.13,120000
1387,605,2014,1,84.0,93.8,200000
194,455,2012,0,65.0,78.93,355000
189,650,2012,0,82.46,87.33,440000
2913,715,2012,0,76.0,82.4,820000
264,595,2013,1,66.0,81.0,275000
1572,625,2011,0,65.6,68.6,440000
1504,450,2014,1,90.0,91.0,300000
1410,445,2011,0,70.0,77.0,85000
2379,570,2012,0,76.0,66.67,245000
2307,305,2012,0,62.0,56.0,100000
1953,605,2011,0,75.9,77.8,400000
579,355,2014,1,88.0,82.0,270000
2815,570,2014,1,71.0,72.0,300000
2118,535,2014,1,74.5,85.83,340000
1713,430,2014,1,61.33,72.8,425000
48,370,2014,1,64.0,52.93,240000
1798,620,2013,1,94.33,95.52,275000
2988,565,2012,0,95.0,85.0,420000
1106,575,2013,1,74.25,78.25,415000
223,560,2013,1,58.55,81.66,230000
2038,565,2011,0,80.33,83.2,450000
2357,555,2014,1,71.6,75.0,300000
2064,440,2013,1,86.0,76.0,120000
2573,635,2014,1,70.0,78.0,325000
829,554,2012,0,73.8,70.0,305000
1961,375,2011,0,71.0,69.0,265000
1499,605,2013,1,81.7,84.16,300000
2949,310,2014,1,77.0,65.0,300000
964,500,2013,1,72.0,78.0,330000
2900,650,2013,1,91.5,88.4,300000
286,605,2011,0,89.6,80.33,760000
2010,680,2014,1,68.4,72.0,315000
97,425,2010,0,61.7,75.0,310000
1380,385,2012,0,66.0,60.0,180000
2590,455,2010,0,72.48,77.4,220000
2365,565,2014,1,78.0,80.0,300000
795,520,2014,1,74.0,68.0,200000
1173,515,2012,0,95.6,92.66,235000
285,605,2012,0,68.0,66.0,205000
557,464,2012,0,73.0,87.0,325000
1467,285,2013,1,52.0,65.0,180000
2957,444,2013,1,69.67,84.14,550000
2634,535,2013,1,75.0,87.0,240000
926,415,2011,0,61.85,68.5,300000
133,530,2013,1,84.6,90.4,205000
2168,425,2014,1,72.2,76.6,300000
2742,560,2013,1,68.16,73.0,100000
602,535,2014,1,82.8,73.6,200000
2272,560,2014,1,91.2,79.0,200000
2541,370,2014,1,70.4,78.8,150000
2791,365,2011,0,69.0,72.0,225000
949,725,2011,0,83.0,94.6,550000
1081,570,2013,1,79.6,81.4,310000
996,615,2015,1,82.0,84.0,360000
2285,590,2013,1,68.4,82.6,350000
11,645,2013,1,79.9,81.2,300000
2205,560,2012,0,68.2,79.6,95000
1478,495,2012,0,94.2,87.3,425000
442,555,2012,0,91.0,87.0,350000
1103,440,2013,1,56.0,73.0,190000
157,705,2012,0,81.0,83.0,180000
1393,545,2012,0,71.8,68.6,300000
505,365,2011,0,78.0,87.0,325000
1238,505,2013,1,82.4,82.2,245000
1735,635,2014,1,76.6,82.0,350000
18,280,2013,1,54.0,66.15,400000
1884,575,2011,0,53.0,54.0,275000
200,565,2010,0,63.4,67.25,240000
646,465,2014,1,54.33,61.57,200000
1341,715,2013,1,67.7,79.0,330000
2328,695,2014,1,76.5,85.06,350000
47,575,2010,0,62.0,62.0,300000
2975,465,2013,1,74.92,84.67,120000
2111,525,2011,0,81.16,83.33,550000
1666,500,2014,1,81.26,82.14,225000
2267,590,2012,0,74.4,79.38,300000
2509,510,2014,1,69.4,82.66,325000
2483,370,2014,1,70.0,91.2,315000
1936,605,2013,1,76.6,75.4,360000
1604,365,2013,1,77.0,76.0,400000
897,595,2012,0,86.4,89.4,345000
1062,545,2012,0,78.8,77.8,355000
657,735,2010,0,80.4,89.33,1200000
1399,565,2009,0,92.0,96.0,300000
1224,605,2010,0,75.6,73.3,555000
2461,385,2012,0,47.2,58.0,150000
1010,505,2011,0,71.85,73.5,180000
1451,385,2011,0,60.4,68.65,175000
413,740,2014,1,81.0,78.3,300000
2968,485,2014,1,60.2,73.8,120000
254,485,2014,1,61.8,70.2,150000
2667,345,2012,0,73.83,87.8,315000
2308,340,2014,1,66.8,79.8,200000
684,765,2013,1,85.2,88.76,510000
300,465,2013,1,80.0,65.2,210000
128,415,2010,0,55.0,66.0,145000
1054,560,2012,0,67.2,82.8,145000
2708,535,2014,1,83.6,69.0,145000
1511,560,2014,1,55.6,76.0,120000
2615,625,2010,0,71.0,76.0,370000
846,404,2010,0,79.4,88.6,385000
2985,425,2011,0,86.6,90.8,470000
386,690,2015,1,95.8,89.6,325000
651,505,2012,0,67.0,78.2,440000
2997,285,2013,1,75.5,77.0,200000
805,345,2014,1,66.4,60.1,325000
2255,460,2014,1,67.0,72.0,150000
366,375,2012,0,95.65,90.1,375000
1903,435,2011,0,77.0,67.0,550000
2293,500,2014,1,82.0,78.2,610000
2922,455,2011,0,69.33,79.28,180000
1856,545,2013,1,74.0,73.0,300000
1240,435,2012,0,62.2,79.0,325000
1256,625,2011,0,67.0,73.4,300000
1364,475,2013,1,75.0,87.0,140000
458,475,2014,1,69.0,77.8,400000
1012,445,2011,0,51.0,72.6,460000
2037,635,2011,0,83.0,78.0,460000
2959,445,2012,0,67.0,85.0,150000
1030,535,2013,1,64.0,74.0,525000
1736,680,2014,1,70.2,80.4,600000
87,340,2013,1,72.0,76.0,120000
2625,750,2012,0,65.0,90.4,375000
1327,450,2013,1,82.0,70.0,125000
2331,690,2014,1,89.0,95.0,310000
1018,515,2012,0,61.0,65.0,330000
2660,560,2014,1,80.2,72.8,120000
2813,505,2011,0,92.3,75.83,420000
876,725,2013,1,61.6,73.0,400000
444,645,2014,1,64.2,80.2,220000
161,585,2011,0,82.8,81.2,390000
1836,595,2012,0,83.4,79.0,150000
249,735,2012,0,97.0,93.0,395000
2593,595,2013,1,62.0,71.0,345000
980,720,2013,1,76.4,81.6,335000
1813,570,2013,1,56.3,67.7,450000
1831,565,2013,1,65.4,66.2,300000
1242,840,2013,1,79.0,76.0,415000
173,695,2010,0,83.0,78.0,600000
1656,500,2013,1,93.6,86.4,600000
1513,485,2012,0,84.28,78.16,320000
2315,595,2012,0,93.4,85.0,820000
822,530,2014,1,74.0,68.0,180000
2264,500,2014,1,80.5,86.37,505000
665,524,2011,0,71.0,81.0,350000
2174,530,2014,1,78.3,95.2,270000
1577,535,2012,0,64.0,73.0,450000
2579,435,2011,0,82.0,78.5,360000
2485,510,2013,1,52.0,51.6,80000
158,405,2012,0,65.2,67.8,180000
139,464,2011,0,63.0,78.0,520000
574,385,2013,1,70.0,80.0,420000
2019,530,2013,1,50.0,61.2,910000
2888,585,2010,0,95.0,86.0,530000
1687,510,2013,1,67.0,73.5,265000
2733,485,2014,1,64.0,75.0,240000
342,620,2012,0,64.4,78.0,200000
792,535,2012,0,95.3,87.5,100000
1000,720,2013,1,74.6,69.6,330000
2872,605,2011,0,70.2,67.67,320000
441,675,2011,0,81.4,87.6,500000
789,295,2013,1,77.0,86.0,120000
2119,385,2012,0,91.0,91.0,360000
535,575,2012,0,67.74,81.86,350000
2801,370,2012,0,56.0,52.0,180000
916,375,2015,1,62.5,82.24,150000
2921,570,2013,1,84.0,90.0,185000
43,530,2014,1,66.8,70.16,150000
1512,455,2013,1,65.0,61.0,330000
2407,330,2012,0,83.0,88.0,175000
80,355,2014,1,66.0,64.0,200000
2429,545,2011,0,69.0,58.0,605000
270,515,2014,1,58.0,57.0,180000
1651,635,2011,0,73.0,67.0,305000
2698,500,2014,1,86.0,93.44,325000
475,210,2013,1,78.5,75.0,120000
532,415,2013,1,64.0,86.0,250000
2724,455,2011,0,78.16,79.86,445000
1424,255,2012,0,69.9,83.0,375000
1907,735,2012,0,77.8,87.2,360000
267,460,2014,1,81.0,82.2,180000
233,285,2011,0,43.0,55.0,180000
2200,485,2014,1,75.0,73.6,330000
1808,515,2013,1,76.0,77.0,120000
1426,620,2014,1,93.8,84.5,340000
287,345,2010,0,85.0,78.0,180000
1091,615,2010,0,75.0,93.4,300000
733,620,2014,1,81.8,76.5,325000
2450,464,2010,0,86.1,81.0,380000
512,620,2013,1,77.2,77.4,440000
810,535,2012,0,69.0,66.0,180000
2499,355,2014,1,62.0,67.0,310000
2082,235,2014,1,73.6,77.8,215000
815,305,2012,0,86.91,79.2,160000
828,535,2011,0,66.6,72.6,100000
1989,720,2014,1,82.9,81.3,180000
279,475,2012,0,61.8,61.0,200000
2552,400,2013,1,53.85,69.83,180000
250,505,2011,0,94.5,91.86,90000
1658,400,2017,1,59.2,68.6,180000
2639,780,2013,1,75.6,84.75,325000
1739,620,2013,1,96.4,81.6,275000
1885,335,2011,0,60.16,75.36,280000
1045,500,2014,1,78.0,86.0,300000
31,440,2013,1,81.0,85.0,330000
2798,415,2013,1,62.9,74.9,100000
864,725,2010,0,76.67,83.69,1100000
2950,565,2012,0,67.9,72.4,210000
1621,535,2013,1,70.0,71.2,200000
2258,535,2013,1,82.0,77.0,240000
1282,415,2010,0,78.88,62.26,100000
842,515,2013,1,60.0,71.0,250000
2288,560,2013,1,62.5,64.62,100000
1850,515,2011,0,88.0,83.0,495000
1789,565,2012,0,61.4,83.2,305000
2281,635,2014,1,67.5,73.07,300000
2070,515,2017,1,81.3,75.6,100000
2078,810,2012,0,80.0,73.67,480000
309,455,2013,1,75.5,92.47,350000
2543,585,2012,0,94.16,94.4,495000
2099,485,2012,0,59.66,68.67,220000
490,485,2014,1,70.0,78.8,305000
818,455,2009,0,79.0,74.4,600000
1300,525,2012,0,86.4,93.6,500000
2476,585,2011,0,72.8,76.2,500000
1988,495,2012,0,95.6,88.09,350000
1647,430,2014,1,66.0,76.0,120000
2705,720,2011,0,88.1,77.4,330000
2223,385,2014,1,69.0,72.0,480000
1165,585,2014,1,62.0,71.5,100000
892,695,2013,1,63.0,89.0,300000
1837,475,2010,0,81.0,84.6,520000
1477,470,2014,1,79.67,82.46,240000
2741,590,2014,1,75.0,91.0,180000
1188,380,2013,1,62.33,63.8,150000
1928,545,2011,0,78.6,83.4,410000
1525,665,2013,1,72.6,73.0,350000
521,690,2012,0,79.0,90.4,305000
2808,595,2011,0,84.0,84.8,350000
393,765,2013,1,90.0,81.0,300000
77,455,2010,0,72.0,56.4,1210000
262,470,2010,0,83.8,87.8,160000
2621,430,2013,1,66.5,64.0,200000
240,525,2011,0,77.0,81.0,380000
721,605,2012,0,61.6,75.8,325000
2614,385,2011,0,86.33,76.18,170000
1457,530,2013,1,62.33,69.0,145000
1058,655,2014,1,74.71,91.62,325000
1742,325,2009,0,47.83,64.43,300000
799,590,2013,1,94.4,91.0,365000
2289,620,2013,1,85.56,89.6,335000
1288,460,2014,1,94.1,88.5,140000
381,430,2015,1,65.0,72.0,180000
2424,454,2011,0,71.55,86.53,480000
2638,870,2014,1,92.5,87.0,450000
1952,515,2013,1,67.0,72.0,400000
1036,565,2011,0,63.0,61.3,145000
1210,695,2013,1,65.2,80.6,300000
2654,455,2013,1,87.0,69.0,145000
106,485,2014,1,82.5,86.5,300000
85,620,2013,1,74.0,81.4,200000
1226,575,2012,0,76.0,80.6,450000
1039,585,2012,0,82.0,84.0,200000
474,475,2014,1,87.2,82.28,120000
1195,595,2012,0,85.88,85.0,415000
1142,355,2012,0,62.7,82.0,310000
2548,510,2014,1,78.8,84.0,450000
1969,435,2011,0,86.0,77.5,650000
1766,475,2014,1,73.0,72.6,310000
2694,340,2012,0,71.0,84.0,200000
2252,565,2011,0,77.0,74.33,240000
633,380,2013,1,65.6,72.8,240000
1357,605,2014,1,80.0,89.0,325000
629,515,2012,0,74.6,74.6,150000
2179,470,2013,1,89.0,90.0,200000
2201,455,2014,1,63.4,74.8,210000
345,335,2010,0,55.0,52.0,550000
2236,310,2014,1,56.0,59.2,180000
2278,680,2013,1,86.6,91.6,370000
1686,750,2013,1,71.6,78.8,315000
310,720,2014,1,77.2,65.0,170000
735,440,2014,1,55.0,60.0,150000
187,445,2011,0,75.0,80.0,350000
1829,500,2014,1,93.0,94.8,340000
2829,545,2012,0,56.0,88.6,200000
2964,475,2010,0,61.0,53.0,4000000
415,705,2014,1,72.0,55.3,135000
516,265,2013,1,61.5,68.0,120000
917,605,2013,1,85.0,87.0,335000
344,605,2013,1,79.0,85.0,450000
294,595,2013,1,71.8,86.3,335000
1096,495,2013,1,62.0,72.0,180000
904,595,2011,0,72.2,81.6,370000
1855,485,2013,1,84.5,89.9,360000
1535,500,2013,1,58.0,67.0,90000
2284,665,2012,0,81.2,79.8,490000
1390,605,2011,0,81.6,86.4,180000
2601,375,2012,0,57.6,73.2,205000
2178,655,2012,0,82.4,80.0,350000
2215,415,2015,1,62.0,44.16,215000
1168,475,2012,0,72.6,93.67,450000
2570,475,2014,1,76.4,68.2,180000
1427,680,2014,1,90.0,91.2,600000
2373,605,2014,1,92.4,82.8,280000
260,590,2013,1,67.0,76.0,325000
832,585,2010,0,78.2,76.4,220000
2495,470,2013,1,81.5,86.6,265000
1115,665,2013,1,86.0,85.6,400000
1894,310,2013,1,73.63,72.45,300000
2376,535,2013,1,67.6,65.8,320000
2688,750,2013,1,88.0,89.23,400000
2816,565,2011,0,59.77,48.5,105000
2158,735,2014,1,90.67,88.6,300000
2891,585,2011,0,76.0,68.2,315000
2202,605,2013,1,76.2,77.0,240000
2397,455,2012,0,62.0,63.0,445000
2955,535,2013,1,96.5,87.0,200000
2508,475,2013,1,93.5,86.5,190000
1702,735,2013,1,91.7,86.8,335000
2879,355,2014,1,61.0,58.6,100000
2731,390,2014,1,86.31,87.31,325000
2401,705,2014,1,89.9,87.3,600000
1867,265,2014,1,68.0,81.0,180000
360,595,2013,1,76.8,78.15,310000
2652,335,2012,0,71.0,73.0,300000
620,435,2012,0,71.08,86.09,275000
2245,465,2014,1,67.0,75.0,120000
986,355,2013,1,60.0,63.0,230000
34,690,2013,1,82.0,85.0,325000
690,440,2013,1,72.15,63.33,100000
2672,320,2015,1,68.0,72.0,105000
1526,445,2012,0,76.0,76.0,380000
376,590,2013,1,89.9,92.6,325000
101,635,2013,1,75.6,89.4,475000
1601,415,2013,1,72.0,75.0,300000
2477,595,2012,0,82.33,92.64,425000
1980,705,2013,1,91.0,88.57,930000
946,395,2012,0,69.5,84.6,120000
2785,370,2013,1,64.0,65.0,190000
1914,415,2014,1,74.4,71.0,120000
2882,555,2012,0,69.58,84.0,350000
506,375,2012,0,71.0,74.4,100000
2535,705,2013,1,82.2,76.6,340000
1205,355,2013,1,64.0,68.0,250000
61,485,2013,1,89.9,87.5,300000
1175,310,2013,1,79.0,80.0,130000
2690,365,2012,0,63.8,78.3,240000
1852,545,2014,1,82.0,86.2,300000
2925,570,2014,1,70.0,69.0,120000
2394,445,2013,1,95.41,90.27,180000
2066,535,2012,0,66.8,81.2,400000
1116,615,2012,0,95.8,92.66,440000
2319,445,2011,0,48.0,61.0,240000
519,535,2010,0,68.0,75.0,565000
1548,180,2013,1,79.0,75.0,190000
1895,635,2014,1,83.6,80.0,350000
2340,445,2012,0,65.0,70.0,200000
1944,695,2012,0,73.0,70.8,220000
1947,485,2013,1,73.0,72.5,165000
72,415,2012,0,88.6,90.33,300000
2821,685,2011,0,74.0,74.0,250000
36,530,2013,1,85.0,82.5,315000
2123,535,2010,0,91.3,90.6,450000
2750,385,2014,1,64.33,66.8,200000
1583,525,2012,0,92.1,88.0,515000
1503,615,2011,0,78.0,89.0,470000
1981,385,2010,0,55.8,66.6,120000
142,565,2011,0,79.4,85.6,450000
1615,605,2014,1,83.0,76.8,300000
2762,195,2011,0,55.33,50.66,85000
2583,585,2011,0,80.4,82.8,435000
2533,725,2013,1,82.4,91.6,600000
1835,400,2014,1,56.0,68.0,240000
2517,210,2014,1,70.0,76.96,100000
1192,235,2013,1,73.2,70.2,180000
2175,560,2013,1,75.0,81.8,240000
1317,455,2011,0,72.3,82.2,145000
2209,475,2011,0,74.33,87.2,265000
2576,565,2012,0,79.83,83.83,390000
1170,720,2014,1,93.9,79.6,325000
2743,675,2011,0,74.2,76.0,1000000
152,415,2012,0,80.0,91.0,235000
2678,445,2014,1,74.4,73.4,315000
1448,605,2011,0,95.9,88.5,620000
2712,525,2013,1,75.2,70.14,250000
1073,665,2013,1,77.8,73.6,200000
42,475,2013,1,47.6,65.0,180000
2600,655,2013,1,69.4,82.0,320000
5,620,2013,1,77.0,83.16,440000
55,595,2012,0,78.6,84.2,145000
1539,365,2012,0,63.0,68.8,430000
987,465,2014,1,81.0,75.0,250000
1067,545,2013,1,77.0,76.0,215000
2208,595,2011,0,76.8,74.0,540000
511,385,2013,1,68.6,70.25,70000
2846,680,2012,0,62.8,61.83,310000
1335,385,2013,1,61.0,62.0,300000
1991,565,2011,0,77.6,86.6,645000
2249,270,2015,1,77.0,81.3,1800000
255,535,2014,1,62.0,73.0,145000
1279,530,2013,1,93.8,91.5,270000
871,605,2013,1,53.0,65.0,300000
2346,310,2014,1,74.6,84.4,275000
893,755,2010,0,77.0,81.0,370000
1419,555,2014,1,90.0,88.0,330000
1710,500,2014,1,61.0,61.0,325000
915,464,2011,0,84.09,94.8,110000
2771,355,2014,1,61.16,76.64,120000
473,720,2014,1,89.4,93.4,325000
2060,470,2013,1,94.75,94.0,305000
985,495,2012,0,87.05,90.4,320000
335,560,2012,0,83.2,90.0,370000
551,570,2013,1,70.0,87.0,300000
1285,475,2014,1,71.4,82.0,175000
328,460,2009,0,61.0,59.0,150000
2500,485,2010,0,84.0,76.0,525000
66,370,2013,1,63.0,74.0,110000
1554,525,2012,0,87.17,86.85,355000
718,615,2011,0,84.4,74.0,180000
2630,720,2013,1,82.7,91.8,180000
1714,665,2013,1,68.2,65.71,180000
140,405,2010,0,64.0,74.0,335000
1097,415,2012,0,62.6,80.0,95000
1029,595,2012,0,80.33,89.6,490000
1082,375,2012,0,89.3,81.9,120000
1515,355,2014,1,63.8,61.0,120000
2309,650,2014,1,94.6,88.44,305000
2754,544,2012,0,66.6,69.0,210000
583,325,2011,0,50.0,67.6,145000
2928,545,2014,1,95.08,97.0,200000
1646,535,2013,1,62.5,79.0,120000
2144,405,2014,1,67.17,90.24,400000
2747,325,2012,0,61.0,70.0,250000
1119,405,2013,1,71.52,78.57,200000
102,620,2014,1,88.0,76.2,180000
1465,525,2014,1,88.75,84.0,325000
2423,505,2010,0,74.4,74.4,350000
2527,515,2013,1,78.0,67.0,120000
2702,455,2014,1,81.66,82.56,400000
278,380,2014,1,64.6,71.0,225000
1757,475,2012,0,68.6,75.6,100000
185,625,2012,0,79.4,78.0,455000
2113,225,2011,0,77.0,61.0,60000
2624,450,2013,1,71.0,79.33,150000
1193,590,2012,0,69.89,76.0,520000
1801,650,2014,1,81.0,70.0,290000
2845,475,2014,1,57.1,66.67,180000
724,505,2013,1,77.86,72.0,165000
2790,380,2014,1,80.8,78.08,200000
19,595,2013,1,68.67,79.29,360000
1150,554,2012,0,73.6,72.0,400000
468,545,2013,1,71.0,81.0,95000
2980,570,2014,1,92.25,80.4,380000
54,330,2014,1,66.0,53.4,240000
1213,595,2012,0,75.66,77.22,335000
1985,455,2013,1,94.4,86.0,220000
1088,705,2010,0,58.6,72.5,1300000
2239,765,2011,0,66.66,66.0,140000
2752,495,2010,0,60.0,70.0,160000
1948,500,2012,0,91.5,87.0,350000
2259,295,2014,1,74.0,55.0,145000
1137,475,2010,0,55.5,52.09,280000
2102,325,2014,1,70.0,70.0,170000
750,625,2011,0,80.0,83.2,400000
1588,635,2013,1,80.5,71.5,310000
1126,430,2014,1,75.0,84.6,170000
82,620,2013,1,84.67,88.8,305000
122,515,2014,1,62.0,63.0,180000
2953,635,2011,0,81.4,82.4,400000
1832,615,2011,0,93.2,95.4,500000
2877,515,2012,0,53.8,78.8,400000
2048,355,2012,0,64.43,69.54,350000
2809,715,2011,0,86.0,81.0,450000
2566,645,2014,1,71.25,65.0,215000
1602,310,2013,1,54.14,59.71,145000
2933,485,2011,0,63.0,75.0,360000
1372,705,2014,1,82.4,84.83,300000
1571,570,2014,1,84.0,91.68,325000
689,475,2010,0,59.0,54.4,170000
1146,455,2014,1,68.0,64.4,220000
1069,465,2011,0,60.8,65.5,500000
214,515,2013,1,77.0,73.0,410000
2303,525,2015,1,68.0,69.6,120000
1839,650,2013,1,87.0,84.0,600000
2487,330,2013,1,60.0,64.0,155000
1695,415,2011,0,68.69,73.0,450000
2617,320,2014,1,69.88,78.72,200000
1322,485,2012,0,90.17,85.46,250000
1076,620,2013,1,65.2,69.0,420000
796,615,2010,0,95.0,87.8,475000
2156,390,2015,1,71.0,81.8,240000
2580,615,2011,0,81.0,73.5,330000
2421,605,2013,1,79.6,82.0,380000
315,465,2013,1,72.0,84.0,300000
1962,650,2014,1,84.4,93.0,120000
159,585,2014,1,81.2,82.4,75000
2005,565,2011,0,72.2,83.2,320000
318,545,2011,0,69.4,79.0,370000
717,870,2014,1,91.2,94.6,320000
2521,690,2013,1,78.0,90.6,240000
2993,445,2010,0,73.0,75.0,120000
190,680,2013,1,79.16,73.94,380000
598,465,2011,0,79.6,77.8,340000
978,400,2013,1,74.0,73.0,350000
1533,595,2011,0,93.1,86.5,325000
2033,315,2011,0,74.0,76.0,210000
2165,560,2013,1,80.6,85.0,290000
2301,270,2014,1,68.0,78.0,265000
1716,500,2013,1,59.0,63.66,180000
2233,295,2013,1,73.8,86.92,95000
1763,615,2011,0,93.6,84.5,480000
811,725,2012,0,87.0,92.8,1200000
2204,525,2010,0,66.0,79.0,375000
534,530,2012,0,68.0,74.0,180000
2473,750,2013,1,70.2,79.6,325000
479,635,2014,1,81.0,81.0,300000
2077,625,2010,0,71.0,71.0,550000
2419,690,2014,1,88.8,92.0,325000
974,455,2012,0,82.0,85.6,205000
2983,565,2010,0,79.75,93.2,200000
1295,450,2013,1,95.0,86.0,100000
726,275,2012,0,65.0,52.0,230000
1540,405,2010,0,54.0,65.0,435000
1421,735,2012,0,93.9,83.66,360000
2326,500,2014,1,72.77,59.33,120000
1358,404,2012,0,74.0,73.0,405000
1758,605,2014,1,77.6,92.5,230000
2722,695,2011,0,60.2,86.2,445000
1998,555,2012,0,82.53,84.0,655000
1976,615,2010,0,81.0,86.0,220000
2697,494,2012,0,84.17,85.0,330000
2488,520,2014,1,94.7,88.6,400000
1008,620,2015,1,83.0,83.0,180000
2996,505,2011,0,65.16,88.64,530000
1228,595,2013,1,90.0,79.0,325000
408,515,2013,1,60.0,59.0,300000
434,525,2012,0,78.0,76.0,325000
2944,665,2013,1,68.0,71.5,420000
219,665,2014,1,82.0,85.0,325000
383,705,2013,1,75.2,86.83,415000
1794,705,2010,0,91.3,89.4,850000
272,445,2012,0,68.0,82.4,485000
88,615,2012,0,96.6,82.3,310000
1726,285,2010,0,59.0,76.64,470000
813,445,2014,1,63.0,72.0,180000
866,440,2014,1,81.0,83.6,275000
1784,405,2014,1,58.5,70.6,200000
2774,225,2010,0,81.75,71.4,125000
268,560,2013,1,73.0,83.0,325000
481,430,2014,1,81.2,65.0,205000
1567,315,2011,0,73.3,51.36,200000
561,390,2013,1,63.4,70.2,200000
1760,605,2012,0,80.4,86.4,180000
205,605,2014,1,78.83,89.5,300000
2413,650,2013,1,95.3,92.5,325000
1516,620,2013,1,86.8,88.67,325000
2054,635,2012,0,71.8,83.2,300000
1428,530,2011,0,74.0,82.0,545000
1382,650,2013,1,90.4,83.4,335000
2586,605,2011,0,63.6,67.5,180000
347,485,2013,1,80.25,83.8,315000
2823,585,2012,0,88.0,94.0,500000
1145,470,2014,1,68.77,66.5,105000
658,515,2014,1,83.5,88.3,200000
590,585,2014,1,67.0,83.89,200000
2096,680,2013,1,91.0,88.4,400000
1592,615,2013,1,94.4,95.6,625000
89,510,2013,1,68.0,78.0,375000
2396,555,2011,0,59.0,62.34,240000
644,250,2014,1,72.8,71.6,90000
760,400,2013,1,73.0,72.0,335000
1050,465,2014,1,83.0,80.33,320000
177,495,2014,1,73.0,81.0,360000
823,595,2013,1,74.0,69.0,220000
1543,295,2013,1,84.7,87.0,300000
1234,750,2013,1,65.0,86.0,110000
2062,650,2014,1,94.6,92.6,655000
2668,615,2011,0,66.0,60.14,135000
1117,765,2013,1,91.0,91.0,240000
2108,650,2012,0,71.0,77.0,360000
1520,675,2013,1,80.5,80.53,350000
2311,545,2011,0,69.0,55.0,505000
2333,405,2014,1,79.0,78.6,330000
1652,780,2013,1,95.7,90.5,450000
785,355,2013,1,78.0,75.0,100000
2,505,2011,0,85.17,77.33,255000
1657,855,2014,1,80.0,91.2,325000
2242,505,2014,1,81.0,81.6,300000
108,265,2013,1,63.0,69.4,200000
1804,495,2013,1,70.0,82.0,390000
1665,605,2014,1,88.0,88.0,300000
2166,750,2013,1,82.6,80.0,320000
171,544,2011,0,78.0,89.0,310000
412,485,2012,0,80.6,86.7,280000
1633,655,2012,0,82.6,77.6,460000
416,185,2011,0,68.3,61.2,200000
1367,545,2013,1,65.6,67.8,300000
1698,645,2013,1,65.66,69.16,550000
1294,595,2012,0,94.1,86.0,180000
2480,535,2012,0,73.8,75.2,240000
2644,425,2012,0,83.0,92.8,300000
1945,655,2011,0,79.8,86.4,445000
364,475,2013,1,85.0,89.0,200000
2445,515,2013,1,66.66,60.8,250000
2406,415,2012,0,73.67,73.06,390000
2104,475,2014,1,50.0,70.14,85000
740,375,2013,1,55.5,60.46,180000
73,385,2013,1,84.0,76.5,75000
2343,455,2012,0,70.0,56.2,200000
2393,505,2011,0,79.1,90.0,440000
2578,635,2011,0,63.0,69.33,700000
1906,695,2014,1,82.6,90.4,400000
312,370,2012,0,52.0,58.0,100000
2874,795,2013,1,84.6,84.8,515000
856,390,2014,1,70.0,57.0,180000
378,520,2014,1,90.6,80.3,180000
1738,405,2013,1,67.0,65.0,300000
1492,635,2013,1,67.6,65.0,225000
154,475,2012,0,60.0,82.0,320000
1216,560,2013,1,85.8,86.6,480000
772,445,2013,1,72.6,71.0,200000
2240,535,2014,1,78.2,88.7,300000
2611,475,2012,0,56.0,75.0,120000
2164,560,2013,1,54.8,71.33,180000
2337,475,2011,0,66.2,80.8,250000
930,440,2015,1,65.2,89.0,335000
2212,355,2013,1,77.0,86.0,100000
1878,675,2012,0,78.0,84.8,400000
308,390,2014,1,55.0,80.0,205000
1001,415,2014,1,91.33,89.2,105000
2004,515,2012,0,64.0,83.0,425000
143,525,2011,0,68.0,89.4,445000
965,415,2012,0,67.4,77.2,390000
2954,615,2011,0,89.0,87.0,520000
1080,495,2010,0,78.2,86.8,500000
1405,295,2014,1,74.0,73.06,360000
632,415,2014,1,70.0,70.0,110000
1456,465,2010,0,63.0,77.0,500000
1677,535,2012,0,68.2,73.6,300000
2482,375,2012,0,70.0,74.62,300000
955,515,2013,1,68.0,66.0,180000
1756,595,2014,1,89.7,85.33,335000
1675,605,2012,0,79.8,83.25,370000
1999,405,2012,0,85.67,70.27,100000
178,545,2013,1,68.0,55.0,180000
498,615,2011,0,67.0,78.0,660000
340,465,2014,1,85.6,80.0,355000
1670,495,2012,0,77.0,79.8,445000
484,505,2011,0,60.0,75.12,275000
1669,530,2013,1,65.2,70.8,180000
2368,355,2012,0,76.0,81.0,90000
198,235,2013,1,68.5,69.5,2000000
2765,464,2010,0,63.0,82.0,550000
1841,680,2014,1,86.8,78.2,570000
2305,330,2014,1,65.56,83.56,105000
1846,380,2014,1,65.6,68.0,95000
1166,780,2013,1,64.0,66.0,350000
2489,425,2010,0,74.53,80.0,200000
1220,460,2014,1,76.5,80.64,100000
2941,295,2012,0,80.0,63.0,100000
1339,555,2010,0,86.9,87.16,620000
2432,435,2011,0,72.5,73.73,180000
759,405,2010,0,77.5,62.88,560000
170,685,2012,0,85.8,91.6,335000
1597,620,2013,1,78.2,78.6,325000
1356,535,2014,1,70.0,76.0,330000
773,495,2011,0,77.4,84.2,405000
1673,520,2013,1,60.0,66.33,220000
2364,525,2011,0,63.9,75.1,240000
2567,345,2014,1,69.32,63.0,180000
2493,345,2014,1,60.8,60.2,95000
1598,840,2013,1,85.0,81.5,300000
992,585,2013,1,89.4,79.9,310000
45,560,2013,1,66.4,66.5,145000
2454,500,2015,1,70.08,86.16,315000
467,565,2010,0,80.0,76.7,300000
2110,495,2014,1,80.6,80.0,300000
1968,585,2010,0,88.9,78.8,120000
2224,695,2013,1,69.0,82.0,720000
2188,630,2014,1,70.0,72.2,675000
2937,635,2010,0,66.6,71.67,510000
1496,470,2013,1,83.2,78.6,340000
319,340,2013,1,63.0,74.0,350000
184,740,2015,1,81.2,91.4,150000
2097,220,2014,1,65.8,52.0,200000
1887,445,2013,1,88.3,85.0,335000
304,385,2013,1,68.3,76.2,95000
1783,620,2014,1,65.2,80.0,315000
2155,585,2012,0,97.1,83.66,320000
1854,485,2014,1,81.5,85.2,400000
839,500,2015,1,72.15,60.5,325000
2943,425,2012,0,65.0,80.0,370000
2671,330,2013,1,69.04,62.86,315000
744,355,2014,1,68.66,71.28,90000
539,500,2013,1,63.0,62.15,105000
1154,560,2014,1,71.4,82.4,320000
1642,450,2014,1,64.83,78.16,235000
801,630,2012,0,61.0,64.0,180000
2545,445,2011,0,55.8,73.8,600000
1135,680,2012,0,74.6,78.8,140000
2323,554,2012,0,79.8,80.2,415000
1422,565,2010,0,83.7,88.6,600000
210,620,2012,0,75.6,79.8,510000
1775,345,2013,1,73.6,79.8,120000
2017,554,2012,0,67.0,89.6,450000
65,545,2012,0,61.0,66.0,335000
863,860,2014,1,88.83,91.71,300000
2248,415,2014,1,69.0,74.0,205000
2035,485,2013,1,63.4,71.2,350000
203,620,2012,0,58.6,67.2,180000
1132,505,2012,0,70.2,73.33,430000
2056,605,2014,1,68.8,76.4,325000
1021,380,2013,1,84.2,82.3,100000
2715,825,2013,1,87.0,87.2,420000
1026,345,2014,1,60.0,73.0,120000
2608,380,2014,1,60.44,67.0,185000
341,495,2011,0,75.0,55.0,400000
2306,545,2011,0,70.0,75.0,280000
875,165,2013,1,79.8,78.0,110000
1506,655,2011,0,83.8,86.0,505000
1120,310,2014,1,90.7,86.5,310000
372,720,2013,1,90.7,64.2,325000
576,665,2013,1,92.5,89.0,300000
942,320,2012,0,67.0,72.0,135000
211,545,2013,1,76.0,84.4,185000
520,565,2012,0,92.7,91.0,360000
1475,345,2014,1,85.2,79.8,325000
939,365,2012,0,82.0,68.0,465000
889,380,2014,1,66.0,73.0,195000
1258,565,2012,0,54.0,59.7,180000
2584,430,2014,1,68.8,75.4,315000
1958,625,2013,1,75.4,81.2,335000
2235,470,2014,1,55.0,68.2,240000
1325,485,2013,1,86.33,86.33,360000
354,560,2014,1,87.2,84.2,300000
2577,705,2014,1,88.6,92.2,450000
96,530,2014,1,83.2,75.6,160000
1790,560,2014,1,65.0,81.6,325000
2469,585,2010,0,93.0,85.0,520000
1644,445,2012,0,91.5,82.9,335000
589,310,2013,1,60.4,58.6,200000
2012,585,2011,0,70.6,73.5,645000
1689,365,2012,0,68.0,72.0,475000
2755,495,2012,0,66.0,74.0,450000
129,425,2014,1,57.0,50.0,120000
513,435,2013,1,89.0,80.8,400000
71,455,2013,1,74.0,63.0,240000
1635,575,2013,1,81.2,87.4,350000
2903,310,2013,1,74.6,62.6,315000
2974,145,2013,1,84.5,70.3,150000
2378,740,2013,1,94.6,82.0,180000
1507,695,2014,1,87.0,85.0,450000
2494,365,2011,0,71.6,72.0,180000
2544,295,2013,1,61.3,69.0,250000
370,195,2012,0,75.91,79.4,180000
456,605,2010,0,73.0,80.0,420000
725,440,2014,1,71.0,78.0,200000
68,385,2013,1,75.33,89.44,200000
1872,510,2013,1,69.6,57.0,210000
1268,405,2011,0,83.3,83.3,110000
1793,585,2013,1,75.0,88.0,350000
881,585,2011,0,77.2,80.2,475000
2029,570,2013,1,75.69,79.0,180000
231,665,2013,1,76.4,81.2,360000
377,525,2014,1,67.8,90.0,275000
2427,385,2010,0,94.5,80.0,350000
862,345,2013,1,72.0,58.16,100000
432,475,2012,0,53.16,67.0,310000
1888,415,2010,0,80.4,84.16,630000
2758,580,2014,1,83.16,81.5,700000
1751,690,2013,1,95.0,87.0,345000
1927,405,2013,1,56.0,70.0,340000
994,430,2012,0,77.8,92.0,300000
301,515,2011,0,58.92,72.17,135000
1990,665,2013,1,80.2,80.13,95000
1378,445,2012,0,72.33,83.33,410000
1591,605,2011,0,78.8,84.2,440000
1143,645,2014,1,86.3,84.2,100000
2109,585,2013,1,86.0,68.3,330000
172,544,2011,0,83.0,87.4,450000
1679,500,2014,1,77.0,81.6,145000
2484,545,2012,0,66.0,63.0,240000
1248,555,2014,1,67.3,66.6,180000
814,750,2014,1,69.0,86.4,180000
208,524,2011,0,77.0,75.6,275000
218,525,2014,1,81.0,87.0,300000
948,545,2013,1,79.8,82.6,450000
16,485,2011,0,75.8,81.7,500000
2270,575,2013,1,64.0,76.8,180000
367,535,2014,1,66.0,70.0,200000
1406,635,2014,1,67.2,81.0,275000
1128,635,2013,1,66.8,60.2,440000
884,390,2013,1,91.8,90.0,320000
1319,405,2014,1,94.5,89.4,205000
1388,370,2012,0,65.8,57.0,105000
2674,470,2014,1,76.0,83.0,250000
2792,510,2014,1,95.4,89.0,450000
1929,575,2013,1,82.0,96.48,550000
2613,510,2014,1,78.0,74.0,180000
2442,380,2013,1,61.4,62.0,140000
1935,500,2012,0,75.5,75.46,205000
394,485,2014,1,74.8,78.6,350000
2198,515,2013,1,61.6,71.2,160000
1624,310,2014,1,67.8,77.0,160000
984,405,2010,0,76.0,87.0,300000
2940,575,2012,0,70.0,77.0,400000
542,415,2012,0,91.2,75.0,155000
803,485,2011,0,65.5,58.8,110000
677,375,2013,1,66.0,63.5,144000
406,795,2012,0,62.6,77.33,220000
1459,525,2011,0,60.6,63.16,660000
2015,340,2013,1,68.2,62.2,180000
1819,605,2014,1,76.0,69.0,180000
552,435,2011,0,60.8,73.2,80000
362,665,2014,1,81.2,81.8,325000
549,400,2013,1,68.0,66.0,180000
970,695,2011,0,63.3,71.0,600000
2370,590,2013,1,93.4,84.0,350000
38,365,2014,1,62.0,64.0,180000
940,415,2014,1,74.6,73.1,180000
81,454,2011,0,79.87,85.92,315000
1923,680,2013,1,89.0,87.88,360000
788,385,2010,0,82.6,82.2,335000
1730,475,2011,0,66.4,70.4,330000
2804,575,2012,0,70.4,67.1,120000
877,400,2013,1,60.0,87.0,220000
355,605,2013,1,92.75,90.06,300000
1676,395,2011,0,59.4,62.0,150000
1559,465,2014,1,83.9,86.17,105000
1299,405,2013,1,76.0,91.6,220000
2935,495,2013,1,78.8,89.2,300000
2317,575,2014,1,78.0,79.0,180000
2034,545,2011,0,69.9,74.4,230000
2075,575,2014,1,79.83,93.38,330000
642,605,2013,1,74.0,84.5,300000
1957,505,2010,0,73.6,72.4,560000
554,470,2013,1,71.67,87.2,180000
2819,560,2013,1,70.4,80.8,380000
693,500,2013,1,86.0,76.0,120000
2232,720,2017,1,81.2,90.0,300000
2873,415,2014,1,85.4,77.0,80000
2481,525,2014,1,84.0,84.0,350000
649,655,2011,0,96.3,90.0,870000
1943,545,2013,1,84.6,75.2,295000
2478,370,2014,1,85.5,76.7,240000
1223,720,2014,1,79.5,96.0,325000
420,635,2013,1,94.0,88.0,500000
593,285,2015,1,70.0,85.0,1025000
559,695,2014,1,83.6,91.0,350000
339,325,2013,1,68.5,81.16,275000
2180,705,2014,1,87.25,89.2,400000
1089,515,2012,0,68.0,84.0,225000
2666,690,2013,1,83.6,76.8,290000
706,405,2012,0,69.7,74.4,440000
2561,545,2012,0,82.0,82.0,50000
2133,375,2012,0,58.0,71.0,340000
2193,605,2014,1,65.8,69.0,200000
2390,320,2014,1,75.2,64.8,150000
1802,415,2014,1,87.8,85.6,325000
1444,575,2010,0,91.9,81.33,180000
2934,475,2012,0,81.5,78.4,180000
960,585,2013,1,69.83,83.5,190000
1265,560,2013,1,53.6,70.4,180000
1164,575,2013,1,66.6,63.4,310000
371,545,2012,0,69.0,71.0,200000
2986,695,2013,1,76.4,85.6,375000
2325,485,2013,1,61.0,71.0,210000
2074,620,2013,1,80.4,67.5,400000
1493,415,2011,0,64.0,54.0,300000
1575,560,2014,1,90.9,82.33,420000
1694,595,2010,0,91.0,86.5,615000
1484,635,2014,1,60.0,75.0,250000
1786,590,2014,1,86.0,68.8,305000
500,750,2013,1,73.0,87.0,395000
147,334,2012,0,59.0,77.6,120000
1858,465,2012,0,81.5,84.93,105000
258,415,2013,1,64.0,63.0,105000
2055,425,2012,0,80.0,86.0,205000
769,595,2014,1,88.9,91.6,300000
13,705,2014,1,82.1,90.0,550000
635,415,2011,0,62.0,62.0,350000
1892,470,2014,1,50.0,74.0,215000
2132,525,2010,0,61.2,53.6,240000
1296,370,2014,1,53.0,68.0,245000
114,455,2013,1,72.2,69.0,375000
1816,415,2010,0,71.66,80.64,400000
1594,500,2014,1,92.3,88.0,275000
957,620,2014,1,83.25,88.6,325000
2824,545,2014,1,68.4,75.3,100000
241,555,2013,1,57.83,61.6,350000
541,555,2011,0,80.0,87.0,470000
1354,685,2012,0,93.0,85.0,500000
1770,485,2013,1,70.0,85.0,200000
679,565,2012,0,90.3,84.0,500000
2990,555,2012,0,89.6,69.3,500000
56,455,2012,0,60.0,71.5,240000
1252,554,2011,0,86.8,86.33,360000
2868,695,2012,0,73.17,74.5,180000
2794,615,2012,0,90.2,78.83,360000
435,620,2013,1,95.1,85.0,345000
2433,570,2013,1,78.0,77.8,315000
1057,560,2013,1,66.4,68.6,180000
2915,495,2011,0,77.5,85.06,380000
155,485,2011,0,73.8,70.0,715000
2140,620,2014,1,72.0,78.0,350000
2994,395,2012,0,77.0,84.0,120000
1361,430,2013,1,54.0,54.0,100000
1016,620,2013,1,69.4,72.6,310000
60,570,2014,1,86.5,91.6,300000
29,585,2012,0,68.2,71.8,200000
782,650,2014,1,76.0,78.2,195000
35,385,2012,0,69.17,80.13,215000
2515,524,2014,1,63.33,64.0,40000
1446,530,2013,1,63.6,82.6,350000
1171,435,2012,0,63.0,64.0,50000
1650,485,2013,1,95.2,92.5,190000
1310,285,2014,1,78.0,87.0,95000
1060,415,2014,1,71.0,84.0,125000
358,650,2013,1,96.1,92.5,390000
1123,590,2012,0,67.6,79.4,405000
499,800,2014,1,91.4,93.2,450000
2629,545,2014,1,70.4,84.6,375000
2426,400,2014,1,55.55,65.0,165000
524,295,2013,1,82.5,72.6,300000
1200,485,2012,0,79.8,87.2,430000
737,565,2012,0,89.0,86.7,300000
50,425,2012,0,69.0,78.0,300000
265,405,2012,0,73.8,71.66,150000
2810,715,2012,0,69.2,70.4,470000
1585,650,2013,1,77.4,85.8,390000
1664,680,2013,1,72.0,83.0,220000
1315,545,2012,0,74.2,91.67,240000
1518,595,2011,0,62.7,81.6,440000
2862,485,2012,0,93.0,86.66,100000
2840,715,2013,1,68.0,65.0,240000
2142,665,2013,1,68.2,72.67,335000
2088,625,2012,0,83.0,87.0,415000
336,560,2013,1,66.17,69.53,220000
548,255,2013,1,73.0,75.0,80000
2355,625,2011,0,80.0,80.4,650000
1156,445,2014,1,91.7,77.0,305000
887,425,2013,1,78.0,89.0,400000
1721,385,2012,0,58.0,66.0,180000
2914,780,2013,1,85.8,86.33,335000
494,390,2013,1,60.4,61.0,335000
580,620,2013,1,86.8,94.4,350000
2137,590,2016,1,91.0,92.0,400000
2351,440,2013,1,67.4,70.2,120000
431,530,2013,1,70.0,75.52,220000
1189,615,2012,0,59.0,75.62,100000
1229,545,2012,0,72.8,76.2,225000
2448,430,2013,1,67.0,70.0,220000
2926,485,2011,0,58.4,43.0,110000
212,530,2012,0,72.0,72.0,490000
2568,470,2013,1,79.0,81.0,375000
1064,405,2011,0,80.1,83.3,395000
1245,485,2014,1,70.04,88.8,325000
75,615,2014,1,87.1,78.0,140000
2395,500,2012,0,67.0,73.5,190000
1748,605,2011,0,69.0,65.0,200000
1312,605,2015,1,80.2,81.0,300000
2770,554,2012,0,75.5,69.73,350000
1031,585,2010,0,82.5,83.0,430000
2606,625,2012,0,91.9,82.0,255000
247,705,2013,1,80.4,90.4,410000
1595,565,2011,0,72.0,70.0,315000
1680,590,2013,1,63.0,71.0,180000
2875,220,2012,0,72.4,54.5,280000
1500,475,2010,0,62.6,69.0,215000
1918,455,2011,0,78.66,84.8,420000
1919,520,2013,1,88.1,88.1,345000
186,655,2013,1,69.0,77.0,240000
2115,325,2013,1,75.0,64.53,180000
668,535,2010,0,82.71,87.58,185000
2020,265,2013,1,49.0,54.0,360000
1336,575,2011,0,84.0,86.0,240000
8,440,2014,1,87.7,76.8,195000
2072,395,2012,0,74.0,93.6,385000
1622,475,2011,0,61.0,81.0,80000
1979,470,2014,1,82.0,83.0,430000
2124,560,2014,1,78.0,86.0,400000
1075,560,2013,1,64.5,71.5,335000
2085,585,2012,0,82.2,82.4,360000
631,720,2013,1,79.8,74.0,460000
293,575,2013,1,70.8,71.0,240000
1781,530,2014,1,93.4,91.0,325000
2203,445,2011,0,82.0,78.0,325000
1655,405,2013,1,66.4,64.3,480000
1105,575,2014,1,71.6,85.4,500000
32,720,2013,1,74.0,83.6,450000
134,590,2013,1,82.6,90.8,280000
1124,430,2013,1,89.7,86.3,240000
2161,450,2013,1,94.5,90.0,120000
445,405,2011,0,80.0,72.0,340000
1668,385,2011,0,59.6,75.0,120000
226,325,2014,1,76.7,85.0,205000
464,355,2015,1,67.4,68.2,300000
455,485,2014,1,60.0,49.0,150000
2923,405,2012,0,88.0,75.0,165000
2963,645,2013,1,90.6,85.8,560000
2130,495,2012,0,87.0,90.0,335000
999,250,2014,1,64.0,59.0,60000
2262,260,2013,1,64.0,67.0,110000
1681,515,2011,0,66.0,65.5,240000
2316,620,2013,1,80.0,85.0,305000
1809,465,2012,0,74.0,75.0,200000
752,525,2014,1,72.0,78.0,225000
2911,680,2014,1,96.0,87.0,325000
1946,455,2013,1,70.2,65.17,180000
2050,390,2014,1,77.8,81.0,145000
533,324,2011,0,64.0,74.0,215000
243,370,2013,1,85.0,83.0,325000
1704,575,2013,1,76.0,84.0,320000
401,430,2013,1,65.0,72.0,185000
2032,545,2014,1,73.4,84.16,280000
1984,575,2013,1,72.0,68.0,500000
1495,245,2012,0,74.8,62.4,300000
585,575,2013,1,53.0,60.0,180000
244,560,2013,1,86.5,84.3,380000
2219,620,2013,1,83.7,86.34,120000
2657,630,2015,1,89.8,76.0,330000
1340,585,2013,1,65.8,78.0,345000
1501,630,2013,1,92.5,90.83,400000
450,465,2013,1,66.0,81.0,245000
1227,665,2013,1,89.8,94.2,315000
1182,655,2014,1,85.4,86.0,300000
2730,765,2013,1,77.0,80.0,335000
2314,355,2013,1,87.9,79.0,1500000
471,320,2014,1,66.66,80.0,180000
2183,575,2015,1,79.0,80.4,340000
2718,425,2011,0,62.0,75.83,80000
2585,425,2010,0,82.0,78.0,50000
1674,705,2013,1,64.6,69.85,300000
2058,465,2012,0,65.5,81.86,320000
1787,840,2014,1,81.4,82.6,350000
1833,500,2014,1,92.0,88.6,305000
611,665,2014,1,90.0,88.0,300000
1407,545,2014,1,89.0,87.0,315000
2907,430,2012,0,68.67,71.06,350000
2302,445,2013,1,65.0,83.0,205000
2329,520,2015,1,89.3,84.0,300000
2103,390,2014,1,60.13,75.0,180000
2297,475,2012,0,65.6,74.2,350000
2093,370,2013,1,62.81,66.46,110000
1218,650,2014,1,78.0,74.0,305000
1776,655,2012,0,88.33,86.0,430000
1498,415,2015,1,72.0,79.85,300000
2627,565,2011,0,63.6,68.8,120000
1729,515,2013,1,69.0,78.0,300000
540,135,2013,1,56.8,67.12,80000
110,615,2011,0,73.8,85.0,400000
1631,635,2012,0,90.0,93.44,800000
510,570,2014,1,66.8,73.37,340000
1613,475,2014,1,64.0,63.0,325000
1995,595,2014,1,93.0,90.0,560000
2716,355,2012,0,70.0,73.0,600000
2045,485,2013,1,64.88,78.66,240000
1719,525,2012,0,82.3,74.0,430000
1607,555,2014,1,85.0,91.3,325000
2345,485,2013,1,85.0,95.0,315000
78,735,2014,1,87.69,88.67,700000
2134,535,2010,0,93.5,92.1,555000
1996,475,2011,0,68.6,66.6,120000
313,680,2013,1,61.0,66.33,300000
1307,525,2010,0,77.4,79.16,2000000
911,515,2013,1,78.4,86.6,240000
697,545,2012,0,74.2,77.8,140000
466,575,2014,1,72.66,92.48,320000
1019,475,2013,1,65.4,72.8,345000
363,524,2012,0,78.4,81.33,120000
1842,310,2014,1,88.0,86.0,220000
2796,765,2012,0,85.0,75.0,340000
1344,560,2013,1,90.2,86.7,335000
1360,430,2013,1,70.14,78.44,120000
2538,330,2014,1,62.0,53.0,145000
2069,305,2011,0,73.0,76.0,150000
2464,395,2012,0,62.26,62.34,235000
2938,510,2015,1,81.5,80.5,280000
1524,575,2011,0,70.0,80.0,300000
1034,605,2013,1,55.2,60.0,180000
83,680,2013,1,75.4,73.8,335000
79,585,2012,0,73.33,58.33,120000
662,555,2010,0,70.0,64.0,150000
1439,575,2014,1,54.83,85.33,325000
2920,765,2014,1,69.0,92.6,310000
919,665,2013,1,88.0,76.0,300000
1440,345,2015,1,88.8,92.0,350000
2416,630,2014,1,72.0,71.2,265000
2789,620,2013,1,82.75,77.9,430000
2126,544,2011,0,63.6,85.0,515000
808,585,2011,0,71.9,62.0,150000
1510,535,2010,0,49.5,64.0,150000
656,500,2014,1,82.55,74.88,300000
1921,355,2014,1,86.6,82.6,320000
1442,645,2012,0,91.0,92.93,585000
2832,175,2015,1,67.57,79.75,100000
858,645,2014,1,77.4,69.2,350000
1803,500,2013,1,64.0,71.0,210000
2686,470,2014,1,67.0,68.0,120000
2436,450,2013,1,66.3,80.88,145000
2557,615,2011,0,73.4,75.2,215000
844,370,2013,1,70.83,70.61,200000
833,545,2014,1,74.0,85.0,220000
1614,405,2011,0,90.7,79.8,650000
213,590,2014,1,83.0,85.8,300000
2626,545,2014,1,72.0,82.4,225000
131,680,2014,1,76.0,93.8,325000
439,380,2014,1,58.2,85.5,305000
2547,665,2013,1,83.6,82.25,225000
1609,735,2013,1,85.2,84.0,350000
853,415,2014,1,62.2,64.6,175000
448,500,2013,1,56.2,55.6,180000
2661,525,2013,1,68.2,76.0,205000
2399,395,2011,0,66.67,66.3,410000
2420,425,2011,0,64.0,60.0,240000
1727,575,2010,0,75.2,83.8,650000
103,454,2012,0,78.2,85.33,250000
523,705,2013,1,80.2,86.0,500000
1102,605,2014,1,86.4,88.4,325000
1821,554,2013,1,65.0,56.0,120000
1415,220,2013,1,47.6,45.33,145000
165,560,2014,1,83.8,86.0,505000
2556,485,2014,1,61.7,68.14,190000
907,560,2014,1,81.0,85.0,400000
2505,525,2011,0,71.0,77.16,460000
1860,465,2011,0,90.0,83.0,280000
2229,370,2014,1,87.5,88.66,140000
1741,690,2014,1,79.0,86.0,315000
395,445,2013,1,59.4,67.0,255000
625,655,2014,1,78.43,84.83,785000
695,380,2013,1,60.2,62.0,240000
947,500,2014,1,75.2,75.4,325000
761,340,2014,1,75.75,90.0,100000
1383,405,2012,0,72.0,82.0,110000
2572,585,2012,0,86.0,82.0,120000
1401,535,2012,0,75.6,81.0,360000
645,485,2011,0,49.5,66.5,60000
2773,530,2013,1,78.0,84.0,500000
2286,570,2014,1,75.6,62.3,180000
2929,365,2011,0,64.0,72.0,90000
1882,270,2013,1,81.0,74.0,95000
771,545,2013,1,66.0,76.0,300000
2687,340,2012,0,73.11,82.8,405000
51,725,2014,1,65.4,65.0,300000
1375,345,2015,1,66.0,58.83,180000
1121,590,2014,1,80.0,82.0,325000
2725,505,2012,0,82.0,87.3,430000
1035,605,2012,0,60.66,69.0,435000
2145,470,2014,1,70.0,86.0,320000
2555,675,2011,0,85.4,88.5,655000
111,575,2010,0,90.6,85.6,720000
183,390,2015,1,64.5,71.1,150000
613,510,2014,1,62.12,73.0,200000
2266,555,2011,0,80.0,92.8,395000
1706,535,2010,0,86.67,78.0,150000
1557,375,2009,0,62.16,75.04,160000
2977,390,2013,1,70.0,71.0,180000
1711,620,2013,1,74.8,80.2,360000
1178,535,2013,1,82.0,85.6,220000
2129,455,2012,0,67.8,69.2,450000
397,585,2014,1,67.2,79.2,155000
1291,465,2013,1,59.0,80.0,150000
1630,545,2011,0,72.8,74.6,310000
2574,505,2011,0,68.7,68.8,240000
1743,465,2012,0,84.0,80.0,200000
2136,665,2013,1,65.0,75.0,105000
2086,495,2010,0,62.0,67.0,1200000
2231,355,2014,1,86.0,82.0,315000
571,465,2014,1,70.0,75.0,315000
2995,485,2011,0,65.56,91.4,385000
2635,415,2013,1,64.4,69.5,520000
2295,585,2010,0,88.77,90.83,4000000
1534,465,2011,0,52.0,69.0,180000
2696,605,2011,0,83.2,79.4,180000
1874,305,2011,0,72.46,77.2,200000
356,705,2014,1,81.2,89.42,560000
608,780,2012,0,85.0,85.4,500000
239,425,2011,0,92.0,86.6,515000
2905,470,2013,1,53.0,81.0,70000
2519,340,2014,1,62.6,68.6,50000
2167,440,2014,1,65.0,76.8,100000
1814,525,2011,0,82.2,84.4,340000
374,425,2012,0,79.83,87.63,500000
2822,305,2012,0,73.0,74.18,110000
1937,475,2011,0,74.0,71.0,450000
1321,590,2013,1,81.0,77.4,280000
1125,605,2014,1,68.4,73.0,145000
1527,705,2013,1,80.25,81.2,420000
2414,565,2012,0,56.22,65.85,240000
729,605,2010,0,62.0,62.0,480000
1391,735,2013,1,79.0,81.0,325000
2670,625,2010,0,53.0,64.0,360000
1408,780,2014,1,60.0,71.0,820000
2952,485,2013,1,76.0,76.4,300000
382,630,2014,1,73.2,79.6,510000
1502,515,2013,1,72.0,70.0,180000
2632,625,2012,0,69.0,70.0,365000
1320,635,2013,1,93.9,92.3,300000
2523,665,2013,1,90.2,83.6,330000
1233,635,2013,1,91.0,94.24,305000
2294,355,2010,0,71.5,76.36,115000
681,605,2013,1,77.0,76.0,300000
2287,645,2012,0,94.9,89.5,150000
1274,255,2014,1,74.0,70.0,150000
123,390,2014,1,63.0,63.0,260000
660,465,2014,1,70.0,81.0,300000
1796,535,2012,0,84.4,84.4,440000
1960,645,2013,1,66.8,77.0,325000
2616,515,2012,0,65.83,79.68,155000
230,465,2013,1,67.17,62.4,140000
901,585,2012,0,67.0,80.6,400000
2392,560,2014,1,64.8,68.6,300000
765,645,2012,0,62.4,60.8,200000
2428,605,2012,0,75.0,71.0,500000
2444,385,2012,0,77.0,89.92,480000
2411,585,2013,1,89.26,90.0,325000
1745,425,2011,0,81.33,82.2,400000
787,525,2011,0,82.0,91.0,450000
2149,435,2011,0,72.4,71.17,200000
2640,635,2011,0,75.0,75.0,420000
2356,475,2014,1,50.2,78.4,240000
421,615,2012,0,61.0,61.75,375000
2458,370,2013,1,59.9,66.8,110000
1873,535,2010,0,94.7,94.7,205000
2138,435,2012,0,66.6,89.8,300000
798,320,2014,1,75.5,81.0,200000
1870,590,2013,1,83.0,88.0,240000
2007,470,2014,1,64.0,85.2,240000
626,535,2012,0,84.0,86.0,460000
495,385,2014,1,66.4,84.6,325000
2457,310,2014,1,69.0,59.0,120000
1616,590,2013,1,76.33,85.5,300000
1782,525,2012,0,92.8,86.0,210000
2206,380,2015,1,59.0,82.0,100000
1890,605,2013,1,83.34,85.38,490000
790,605,2013,1,87.9,81.6,335000
2764,575,2012,0,61.0,64.0,140000
2805,605,2013,1,96.8,90.3,280000
2409,665,2014,1,63.0,93.4,405000
417,680,2014,1,76.7,78.6,120000
742,560,2014,1,83.83,85.76,315000
2127,635,2010,0,61.6,68.8,1300000
1214,355,2014,1,88.0,80.6,200000
492,515,2014,1,71.6,66.6,220000
1909,310,2013,1,81.0,84.0,275000
1169,650,2012,0,62.4,75.4,360000
1342,500,2012,0,74.0,83.0,240000
824,305,2012,0,73.0,85.0,100000
2474,590,2013,1,87.8,88.0,120000
2380,665,2013,1,60.8,73.8,335000
1481,525,2011,0,68.0,84.8,180000
2841,605,2014,1,74.4,85.0,325000
2656,635,2012,0,80.0,88.0,480000
1024,605,2011,0,63.0,65.0,2500000
592,520,2014,1,57.5,89.12,120000
2539,450,2012,0,79.6,82.0,205000
2871,345,2010,0,72.0,81.4,325000
2701,500,2013,1,72.0,92.0,300000
1797,545,2013,1,91.25,87.8,300000
2800,645,2011,0,95.4,89.6,480000
127,635,2014,1,85.6,91.6,340000
2534,635,2014,1,80.7,80.6,400000
403,500,2014,1,84.4,89.6,315000
150,405,2013,1,89.0,80.0,145000
2890,465,2012,0,63.16,73.66,415000
1437,385,2010,0,82.56,73.0,120000
1629,405,2014,1,72.0,83.0,225000
62,405,2013,1,83.0,78.5,200000
2256,340,2013,1,66.0,76.0,240000
95,665,2013,1,78.0,77.0,100000
959,440,2014,1,71.3,79.0,200000
2191,465,2011,0,55.0,63.0,530000
2347,695,2011,0,76.89,82.33,470000
1576,585,2012,0,93.7,87.33,240000
2358,370,2015,1,55.0,59.0,95000
2153,535,2015,1,73.2,84.4,250000
236,510,2014,1,72.8,72.4,325000
222,590,2013,1,64.33,77.86,525000
2806,525,2013,1,69.0,78.0,200000
1810,385,2013,1,64.0,65.0,150000
120,585,2014,1,91.2,91.0,615000
1685,415,2010,0,78.0,81.0,400000
193,665,2014,1,78.0,76.0,320000
2283,560,2014,1,55.0,63.0,105000
181,510,2014,1,87.2,83.5,350000
389,460,2014,1,74.45,73.4,190000
968,720,2013,1,84.0,82.33,350000
2451,165,2013,1,63.4,75.06,55000
1545,325,2011,0,67.4,73.6,300000
669,565,2010,0,82.6,88.6,650000
1365,475,2012,0,77.0,86.12,415000
1394,475,2011,0,68.0,62.5,300000
331,415,2014,1,89.0,92.48,350000
614,635,2012,0,89.66,88.0,200000
1286,655,2013,1,87.4,86.0,325000
266,570,2014,1,77.8,91.2,210000
1932,405,2014,1,89.5,84.0,105000
2199,485,2014,1,67.0,58.0,180000
1807,370,2013,1,83.62,90.08,250000
225,630,2014,1,90.6,89.0,305000
105,454,2010,0,73.6,45.6,100000
1508,554,2012,0,89.67,87.6,390000
2945,655,2014,1,89.8,90.4,325000
630,400,2014,1,62.6,86.0,300000
2068,415,2011,0,68.0,68.4,160000
870,595,2014,1,76.4,81.14,275000
2290,725,2012,0,84.0,75.0,420000
2098,470,2013,1,58.0,56.0,345000
1186,310,2012,0,65.0,77.0,180000
1891,645,2013,1,79.23,82.0,240000
1755,400,2014,1,76.6,82.8,260000
1926,655,2011,0,73.4,72.4,520000
707,620,2013,1,69.4,68.4,180000
2564,365,2012,0,62.5,78.08,415000
2524,275,2012,0,61.0,64.0,100000
2220,575,2014,1,78.0,82.0,265000
1688,395,2014,1,59.9,72.0,120000
284,810,2012,0,74.0,57.67,260000
1659,705,2013,1,89.4,90.0,325000
920,450,2014,1,58.0,67.0,145000
1433,625,2011,0,69.4,75.6,320000
2569,515,2013,1,72.4,80.63,380000
2422,595,2012,0,69.0,81.67,415000
734,295,2010,0,77.0,76.0,320000
1812,555,2012,0,53.0,82.0,320000
2966,455,2013,1,78.2,79.8,360000
922,235,2014,1,68.0,78.0,205000
1402,485,2013,1,86.6,83.4,420000
2812,575,2012,0,78.4,88.8,355000
167,430,2013,1,50.0,65.0,240000
2273,560,2013,1,68.8,77.4,105000
2779,270,2013,1,62.0,66.0,250000
12,605,2013,1,88.0,85.0,480000
1546,470,2013,1,68.0,72.0,100000
617,210,2013,1,56.0,50.0,190000
1092,575,2013,1,74.12,88.36,355000
90,500,2014,1,54.2,66.7,240000
612,415,2013,1,65.0,66.0,180000
2709,455,2012,0,72.6,76.2,450000
1404,535,2013,1,61.0,72.0,300000
857,385,2011,0,50.0,65.0,100000
2465,565,2010,0,81.0,78.0,415000
777,525,2013,1,85.0,91.8,350000
1638,560,2014,1,72.0,78.0,200000
1986,630,2014,1,86.0,81.0,300000
2352,355,2013,1,61.5,71.76,130000
2837,545,2013,1,66.6,78.6,105000
28,570,2014,1,75.0,78.0,240000
1522,320,2014,1,66.0,55.5,180000
1066,335,2011,0,61.0,62.0,415000
1911,515,2011,0,69.0,65.0,120000
74,575,2011,0,60.0,70.0,330000
515,605,2012,0,70.0,72.0,400000
1309,570,2014,1,94.0,93.0,450000
2227,525,2012,0,81.33,76.87,455000
2002,470,2014,1,70.6,73.0,180000
2157,380,2014,1,60.6,55.33,240000
1584,445,2009,0,67.0,72.0,150000
1517,435,2011,0,71.3,73.0,400000
116,515,2013,1,72.3,83.2,350000
2341,400,2014,1,69.6,85.6,150000
1072,695,2010,0,82.4,90.2,375000
1799,375,2011,0,67.0,67.0,85000
2719,565,2011,0,86.0,81.0,360000
1600,430,2013,1,83.1,80.0,155000
622,505,2014,1,77.4,84.0,200000
409,605,2012,0,83.0,84.8,260000
1623,415,2012,0,82.6,76.67,415000
115,545,2010,0,85.0,89.56,290000
288,635,2014,1,95.2,91.2,310000
2491,695,2013,1,83.4,87.4,600000
1181,500,2014,1,62.0,74.0,220000
337,650,2013,1,82.2,92.2,420000
46,605,2013,1,58.4,78.4,100000
747,475,2014,1,68.0,74.8,345000
2738,355,2011,0,61.0,61.0,325000
753,425,2014,1,69.2,64.0,240000
462,375,2011,0,80.0,92.0,95000
1938,680,2012,0,81.6,70.6,500000
673,285,2014,1,75.0,56.0,60000
1201,415,2011,0,83.7,77.0,400000
2685,545,2014,1,78.0,81.0,170000
424,635,2013,1,71.0,87.2,400000
325,385,2010,0,50.0,57.0,110000
664,405,2014,1,65.8,68.14,325000
350,585,2013,1,73.0,83.0,110000
447,575,2014,1,73.2,79.2,180000
709,565,2013,1,58.4,66.16,320000
1924,495,2012,0,72.0,69.5,240000
1722,605,2012,0,72.48,46.8,240000
1221,440,2014,1,80.0,78.6,305000
1149,370,2013,1,65.0,69.17,240000
387,430,2014,1,65.0,68.0,185000
1369,620,2014,1,63.0,72.8,200000
1337,705,2013,1,76.8,73.2,390000
754,535,2010,0,74.05,81.5,420000
2186,715,2013,1,74.0,65.3,470000
451,405,2014,1,66.0,74.0,215000
1194,400,2012,0,69.83,69.0,300000
699,450,2014,1,82.83,90.01,200000
2247,405,2010,0,64.08,66.67,110000
1608,385,2011,0,79.9,76.0,225000
830,625,2012,0,92.2,80.83,410000
950,475,2012,0,61.0,74.0,400000
2987,595,2011,0,95.3,89.0,575000
1734,485,2013,1,79.0,89.0,170000
1413,385,2009,0,60.05,55.52,500000
1409,320,2014,1,73.0,78.0,300000
2979,635,2010,0,75.0,82.8,380000
2645,575,2013,1,89.0,91.8,325000
1177,655,2015,1,74.0,92.4,320000
2609,535,2011,0,65.0,82.0,300000
2006,645,2012,0,74.33,89.12,430000
1253,645,2012,0,82.4,89.4,265000
21,554,2014,1,64.8,58.4,120000
1305,355,2014,1,69.0,89.2,225000
2298,680,2013,1,75.14,87.4,250000
2581,820,2014,1,71.17,91.53,210000
671,425,2012,0,76.0,87.4,400000
2811,675,2013,1,86.0,91.4,440000
1941,565,2012,0,91.6,91.6,410000
845,575,2014,1,79.0,81.0,400000
694,495,2011,0,70.1,78.0,240000
2472,315,2013,1,72.0,59.0,250000
1353,495,2010,0,81.2,75.1,505000
1133,415,2011,0,74.4,83.0,380000
869,475,2012,0,71.2,77.6,300000
604,390,2013,1,64.0,76.0,210000
834,575,2010,0,85.5,86.8,475000
2452,315,2010,0,77.56,61.86,450000
627,715,2011,0,85.4,87.8,365000
902,380,2013,1,60.0,80.0,110000
1747,545,2014,1,97.4,94.8,380000
2051,405,2010,0,65.25,58.9,110000
321,575,2012,0,84.33,88.66,145000
696,655,2012,0,81.1,85.0,410000
1179,355,2014,1,87.7,59.0,120000
624,870,2013,1,81.2,82.0,350000
2777,535,2012,0,96.2,83.0,430000
2173,575,2010,0,69.8,66.4,445000
1011,435,2014,1,74.0,64.0,220000
1480,535,2014,1,77.6,87.6,350000
1090,555,2014,1,74.6,89.6,100000
848,385,2010,0,74.0,72.0,510000
2653,565,2013,1,75.0,86.6,390000
780,150,2014,1,75.5,91.5,240000
605,720,2013,1,88.5,91.5,365000
174,750,2014,1,76.66,93.33,335000
1202,525,2012,0,85.6,83.33,450000
2269,465,2013,1,92.2,85.3,330000
2463,585,2010,0,51.6,52.5,320000
100,575,2012,0,94.1,84.5,400000
1243,470,2013,1,58.2,66.6,280000
741,440,2013,1,55.0,50.5,235000
334,665,2014,1,96.0,89.17,325000
1705,575,2012,0,78.0,86.0,400000
594,520,2013,1,83.0,82.0,240000
1333,355,2012,0,77.0,75.0,240000
2214,465,2013,1,65.8,65.4,240000
2902,500,2012,0,85.0,83.0,490000
1551,535,2014,1,76.0,86.0,300000
2501,510,2014,1,67.0,61.0,150000
1542,265,2013,1,64.0,68.0,150000
2542,485,2012,0,71.0,88.88,160000
327,475,2012,0,64.3,68.6,120000
1933,445,2011,0,72.0,73.83,100000
640,340,2013,1,83.0,82.0,300000
2152,510,2014,1,78.0,78.0,610000
2042,535,2012,0,77.8,79.5,350000
1468,515,2011,0,81.8,78.2,720000
1838,370,2013,1,60.0,72.0,110000
460,375,2012,0,70.0,76.0,115000
1046,680,2013,1,57.6,72.6,305000
1398,450,2013,1,78.8,86.6,240000
1562,535,2012,0,59.16,84.96,445000
1975,470,2014,1,68.3,79.4,340000
419,445,2011,0,74.96,67.36,500000
738,535,2012,0,82.5,86.13,395000
1879,555,2010,0,62.0,86.8,620000
1389,395,2011,0,87.7,84.0,205000
1438,570,2013,1,76.6,86.0,200000
497,545,2015,1,84.33,91.0,565000
375,500,2014,1,91.4,80.16,320000
975,605,2013,1,72.0,76.17,330000
1209,445,2012,0,55.0,52.0,335000
2636,475,2010,0,58.0,83.14,120000
404,335,2010,0,55.0,59.0,105000
2467,515,2012,0,64.4,61.5,280000
1425,615,2009,0,56.6,64.83,195000
93,565,2010,0,73.0,58.56,260000
1769,455,2012,0,61.0,68.0,240000
2221,454,2010,0,81.6,77.4,570000
1849,535,2010,0,78.0,76.0,320000
827,595,2014,1,69.0,80.6,150000
428,445,2013,1,90.0,91.1,300000
1889,650,2014,1,79.2,71.3,305000
2575,655,2012,0,61.0,70.0,110000
2780,605,2013,1,88.4,86.8,170000
282,565,2011,0,72.0,75.38,500000
343,370,2013,1,59.6,53.8,275000
1113,415,2013,1,62.0,65.0,420000
1574,445,2011,0,50.0,69.0,150000
691,404,2011,0,72.0,70.33,130000
0,810,2013,1,84.0,87.8,445000
1582,440,2014,1,77.0,83.4,350000
1707,470,2014,1,61.2,73.6,220000
1416,855,2013,1,93.8,84.33,410000
2021,405,2012,0,86.4,87.6,160000
2003,500,2014,1,66.6,73.6,180000
1993,605,2014,1,76.12,87.23,300000
1131,620,2013,1,83.5,92.5,600000
2304,665,2013,1,71.8,73.5,340000
1247,605,2011,0,88.0,88.0,480000
2658,355,2014,1,77.4,77.6,325000
2375,585,2013,1,61.2,68.2,325000
2150,280,2014,1,65.0,70.06,105000
2261,615,2012,0,96.7,91.0,550000
2992,485,2010,0,73.0,91.0,400000
1159,485,2013,1,55.0,59.0,240000
246,625,2011,0,64.0,79.78,280000
2976,615,2012,0,74.8,74.0,390000
2684,515,2013,1,63.0,80.6,300000
1671,565,2013,1,70.2,78.6,420000
929,430,2013,1,66.0,62.1,180000
2740,330,2013,1,63.2,72.5,505000
1461,345,2014,1,75.0,72.0,130000
1971,515,2012,0,58.8,77.8,300000
365,385,2013,1,82.6,69.8,475000
2296,535,2015,1,88.0,84.4,180000
736,370,2013,1,67.0,75.0,240000
26,310,2013,1,71.0,73.0,600000
1441,590,2014,1,84.75,86.8,505000
2849,530,2011,0,58.0,74.6,285000
680,365,2014,1,76.0,82.2,180000
1250,295,2014,1,49.0,75.0,120000
3,635,2013,1,86.0,84.3,420000
2182,365,2011,0,59.0,58.0,105000
837,595,2011,0,70.4,60.83,600000
2403,560,2014,1,77.14,77.0,300000
292,615,2012,0,73.4,74.6,370000
698,515,2014,1,68.0,73.4,325000
1048,495,2010,0,70.0,83.0,120000
2763,620,2013,1,67.0,72.33,700000
2417,544,2014,1,87.33,82.88,220000
1667,625,2011,0,82.7,90.26,650000
1963,465,2011,0,60.0,71.2,180000
1249,465,2014,1,60.0,62.5,165000
2274,455,2013,1,66.0,82.0,360000
1298,335,2011,0,68.33,78.8,325000
1868,515,2013,1,94.7,91.33,300000
2387,825,2012,0,83.0,83.0,480000
1443,494,2014,1,71.8,67.25,320000
603,430,2014,1,67.68,88.0,200000
1289,560,2012,0,64.0,77.0,315000
2502,575,2010,0,81.0,86.5,405000
63,440,2014,1,63.2,79.5,170000
1579,554,2012,0,79.33,81.46,325000
1883,295,2013,1,62.0,74.0,205000
990,405,2010,0,60.25,59.8,1200000
1384,595,2011,0,83.4,88.3,480000
237,605,2012,0,67.6,78.33,275000
650,595,2011,0,80.2,85.4,495000
1967,400,2014,1,55.44,51.42,120000
112,375,2010,0,91.0,80.6,505000
1348,435,2012,0,55.4,61.8,280000
804,530,2013,1,64.0,86.4,180000
1556,665,2014,1,71.0,89.0,300000
577,445,2013,1,76.33,78.61,400000
1834,465,2011,0,65.16,88.64,530000
126,520,2013,1,77.2,75.85,180000
2689,415,2013,1,61.2,74.5,280000
2729,645,2010,0,68.0,64.0,200000
851,630,2014,1,79.2,86.8,350000
2185,554,2011,0,74.4,75.75,480000
7,280,2013,1,88.0,77.0,105000
2550,440,2014,1,69.8,72.0,150000
854,575,2014,1,65.0,74.0,215000
2851,400,2013,1,72.0,67.0,210000
2814,520,2014,1,88.2,93.0,300000
407,400,2014,1,70.0,87.0,115000
2405,535,2012,0,57.11,81.73,120000
153,595,2014,1,83.8,89.6,330000
1566,475,2013,1,78.5,79.8,300000
2391,525,2012,0,75.4,74.8,345000
2353,385,2013,1,55.0,72.0,240000
1004,415,2014,1,84.8,89.0,350000
2651,645,2013,1,83.6,90.4,360000
280,605,2013,1,93.3,81.0,180000
400,455,2013,1,91.58,85.72,105000
1596,615,2013,1,82.8,88.5,375000
1497,510,2014,1,60.0,72.0,300000
2516,615,2012,0,76.6,74.0,410000
1479,575,2010,0,80.0,77.4,535000
1800,645,2010,0,72.8,79.6,395000
2009,560,2014,1,73.6,78.67,420000
504,560,2014,1,89.6,86.0,550000
2582,665,2013,1,69.0,76.5,300000
1744,750,2013,1,82.4,75.0,180000
903,310,2013,1,60.0,64.0,205000
2040,440,2015,1,60.0,70.0,160000
1672,500,2015,1,59.0,68.0,280000
550,445,2010,0,78.0,91.84,335000
1862,680,2013,1,86.0,84.0,335000
1805,455,2012,0,59.0,62.0,180000
2695,530,2012,0,76.44,74.0,305000
1130,445,2012,0,87.5,86.5,355000
945,510,2014,1,60.0,60.14,275000
163,620,2013,1,94.3,90.6,300000
1660,655,2013,1,72.0,85.0,220000
1690,470,2013,1,63.83,80.0,360000
2384,590,2013,1,68.8,71.4,170000
2107,515,2011,0,60.2,75.2,325000
2895,445,2011,0,62.0,68.0,325000
1514,380,2014,1,80.0,67.0,100000
449,545,2012,0,81.0,81.0,475000
941,515,2014,1,85.0,85.0,315000
2867,365,2012,0,72.0,82.0,120000
1532,545,2014,1,66.6,73.8,240000
1847,605,2013,1,66.2,65.17,95000
437,375,2010,0,40.0,74.0,300000
1314,535,2014,1,93.6,69.0,325000
786,365,2014,1,56.0,65.0,180000
873,280,2013,1,62.0,70.0,180000
739,680,2013,1,80.0,87.6,440000
1006,425,2012,0,92.67,83.82,400000
1844,560,2014,1,84.0,84.0,320000
586,595,2014,1,68.5,78.0,300000
1306,340,2013,1,56.12,78.13,70000
348,440,2014,1,70.1,85.8,220000
2471,370,2013,1,82.8,73.4,85000
1028,415,2014,1,61.8,88.4,325000
1163,435,2015,1,69.5,74.67,150000
2511,795,2013,1,72.8,86.0,325000
2899,370,2013,1,65.5,67.23,100000
1541,405,2011,0,74.0,44.0,150000
573,620,2013,1,95.0,89.0,300000
647,650,2013,1,85.8,86.0,340000
595,464,2012,0,91.0,91.0,400000
1251,630,2014,1,84.0,75.6,325000
1558,445,2013,1,91.0,86.0,320000
1308,565,2010,0,66.0,65.2,200000
470,375,2010,0,61.0,66.66,300000
800,370,2014,1,64.0,54.0,110000
281,625,2010,0,95.0,72.3,400000
932,445,2012,0,74.2,71.0,180000
732,765,2012,0,76.8,88.8,360000
2727,630,2013,1,75.85,81.25,340000
1144,690,2013,1,73.8,62.0,280000
1617,605,2014,1,81.0,83.3,320000
2675,425,2011,0,71.83,84.0,410000
2503,295,2013,1,79.9,87.0,175000
584,515,2012,0,71.08,79.5,210000
2195,535,2012,0,62.2,77.0,120000
160,505,2012,0,74.6,79.0,280000
1111,370,2013,1,67.4,71.1,145000
1915,650,2014,1,69.8,82.2,240000
859,645,2013,1,78.0,79.6,145000
952,795,2013,1,85.0,81.0,350000
2735,470,2013,1,71.66,65.66,180000
1331,430,2014,1,66.77,76.5,100000
1219,575,2014,1,85.0,74.0,330000
1215,465,2014,1,64.5,68.5,305000
2676,535,2011,0,61.0,53.0,340000
606,345,2014,1,75.0,56.0,240000
164,680,2014,1,90.2,91.6,450000
2154,415,2013,1,84.8,85.0,155000
1040,635,2012,0,95.0,89.0,200000
1978,595,2011,0,82.8,90.6,690000
2665,315,2010,0,74.5,79.8,120000
2870,605,2013,1,61.0,62.0,460000
329,475,2013,1,81.0,82.0,180000
2011,545,2014,1,65.0,70.0,325000
2528,620,2013,1,86.6,87.4,175000
2546,515,2011,0,81.0,67.0,360000
2889,675,2013,1,91.2,88.6,395000
1429,495,2015,1,62.8,72.0,245000
2908,515,2010,0,73.4,83.43,715000
2141,545,2012,0,61.0,76.7,800000
809,575,2011,0,73.0,80.2,470000
433,615,2012,0,72.4,82.4,400000
1107,450,2013,1,63.0,76.0,140000
2091,705,2013,1,69.0,71.6,400000
860,310,2013,1,94.0,74.0,200000
274,620,2014,1,72.8,76.6,325000
967,505,2010,0,59.4,72.0,360000
2960,655,2012,0,68.6,67.2,420000
2139,545,2013,1,88.6,89.5,240000
1346,315,2014,1,63.0,67.0,120000
885,665,2011,0,65.6,76.6,190000
556,355,2012,0,54.08,56.16,200000
908,445,2012,0,94.2,83.5,425000
1381,510,2013,1,92.2,83.33,180000
2117,390,2014,1,50.4,79.6,180000
2562,435,2010,0,75.0,71.0,560000
509,810,2013,1,83.33,86.15,355000
2388,630,2014,1,65.8,73.4,180000
221,530,2013,1,81.0,74.0,120000
1297,464,2012,0,62.8,72.8,420000
146,405,2014,1,81.5,80.8,100000
1777,405,2013,1,67.0,72.5,85000
1053,155,2012,0,63.0,54.0,150000
1822,525,2011,0,95.8,84.3,420000
508,505,2012,0,79.0,81.0,310000
323,554,2012,0,98.2,94.0,360000
1561,620,2014,1,95.9,93.4,325000
176,370,2014,1,63.8,71.3,180000
1908,500,2014,1,79.0,85.0,200000
168,505,2010,0,82.0,86.0,200000
1400,310,2013,1,68.0,84.0,225000
2931,485,2014,1,88.75,92.4,335000
1392,355,2012,0,61.4,54.6,145000
2257,635,2012,0,90.66,92.0,600000
2177,695,2011,0,92.0,84.0,530000
2237,620,2014,1,78.0,76.17,300000
136,575,2013,1,95.5,94.16,200000
1470,500,2014,1,66.2,82.4,150000
1278,625,2010,0,89.08,93.4,415000
1973,545,2014,1,75.5,88.4,580000
894,325,2012,0,76.0,67.0,290000
197,345,2011,0,45.6,52.7,300000
2338,665,2013,1,78.0,68.0,335000
1483,515,2012,0,92.4,92.8,360000
1792,515,2011,0,66.8,73.0,200000
2084,415,2011,0,87.4,69.2,115000
767,665,2011,0,94.0,84.5,200000
2280,430,2015,1,73.0,74.0,320000
2693,430,2014,1,84.3,86.2,300000
2081,680,2014,1,72.0,88.0,325000
1112,495,2012,0,81.4,83.33,150000
2896,435,2011,0,71.0,70.83,215000
865,355,2013,1,67.0,77.5,235000
2389,605,2012,0,76.4,89.3,140000
1085,485,2014,1,61.6,78.33,325000
1447,655,2010,0,69.0,69.0,310000
199,485,2015,1,85.6,85.0,120000
429,575,2014,1,71.0,79.0,300000
1823,415,2012,0,60.5,85.0,130000
1795,215,2012,0,53.17,61.63,280000
1970,385,2014,1,83.2,77.5,180000
730,545,2011,0,80.22,80.58,810000
297,295,2014,1,73.2,70.3,200000
2121,445,2013,1,61.0,64.0,200000
807,195,2013,1,60.0,61.1,280000
2595,560,2014,1,88.9,91.3,180000
1565,605,2014,1,77.2,81.5,300000
1172,250,2013,1,76.0,83.0,200000
2853,450,2014,1,89.0,92.0,200000
2860,395,2010,0,66.5,84.6,205000
821,355,2013,1,93.5,83.33,145000
2711,390,2014,1,68.8,82.2,180000
1241,575,2014,1,89.4,93.0,300000
1563,665,2013,1,94.17,89.39,210000
2844,340,2014,1,57.33,80.8,120000
623,325,2014,1,88.3,85.3,300000
1445,530,2013,1,78.0,78.0,180000
1718,735,2013,1,73.6,73.2,410000
1162,560,2014,1,69.33,85.83,200000
2260,635,2013,1,83.6,92.3,300000
1640,585,2013,1,74.6,92.8,325000
2858,545,2013,1,81.17,84.14,300000
2603,465,2011,0,89.67,94.24,600000
2775,500,2014,1,59.2,57.5,315000
2749,475,2011,0,74.14,78.53,370000
1022,375,2012,0,56.4,81.0,205000
1750,375,2010,0,46.33,59.05,180000
291,645,2014,1,95.5,89.33,195000
2022,235,2013,1,72.0,72.0,100000
1740,355,2011,0,50.0,70.0,400000
2282,625,2012,0,59.2,75.6,360000
1007,595,2011,0,69.2,84.2,700000
67,575,2011,0,90.91,91.0,450000
24,385,2012,0,70.67,67.06,120000
216,375,2013,1,72.6,83.04,100000
1910,615,2010,0,73.67,83.67,900000
2783,544,2011,0,45.5,57.78,430000
1153,395,2012,0,52.9,64.33,100000
2159,465,2014,1,57.5,79.52,120000
166,430,2013,1,79.0,73.0,240000
207,680,2015,1,84.8,90.2,1500000
2322,435,2012,0,53.33,74.4,200000
2089,590,2014,1,84.4,94.0,400000
591,430,2014,1,76.0,78.67,110000
1176,605,2011,0,76.24,65.33,430000
1720,475,2013,1,77.1,79.5,145000
1863,620,2014,1,78.3,73.6,325000
525,400,2013,1,94.9,90.5,100000
2335,544,2010,0,82.0,88.4,755000
469,394,2012,0,68.8,89.2,180000
1350,684,2012,0,75.5,85.76,620000
2169,445,2013,1,67.0,83.2,300000
1531,310,2014,1,88.88,81.0,240000
928,445,2011,0,79.6,83.6,215000
1896,530,2013,1,63.4,66.0,180000
2721,405,2013,1,68.0,71.0,215000
1619,405,2014,1,74.5,76.5,185000
1469,560,2014,1,65.2,75.4,450000
1141,525,2012,0,65.0,76.8,250000
1913,545,2014,1,83.6,86.8,315000
956,650,2014,1,92.4,91.1,325000
1488,450,2013,1,90.7,91.3,175000
25,320,2012,0,61.0,67.0,120000
1134,425,2011,0,67.0,58.0,320000
2197,570,2014,1,84.0,70.0,325000
925,545,2013,1,86.8,71.66,180000
1552,415,2012,0,74.4,82.4,475000
2744,765,2014,1,82.0,89.0,450000
843,450,2014,1,64.0,73.0,200000
1645,615,2012,0,75.16,90.04,305000
2646,545,2012,0,76.0,72.0,240000
1020,255,2012,0,65.0,67.0,240000
2187,380,2014,1,48.0,57.14,100000
749,425,2011,0,75.0,49.0,120000
2371,450,2014,1,86.1,77.2,340000
180,385,2013,1,69.4,64.8,240000
1272,635,2012,0,93.0,91.4,515000
2498,405,2015,1,62.0,68.83,220000
1434,385,2013,1,64.0,75.0,240000
607,570,2013,1,81.3,68.3,175000
1352,605,2011,0,74.0,80.0,400000
2344,500,2014,1,72.0,74.0,320000
1904,465,2011,0,50.5,78.0,500000
1899,555,2010,0,72.2,77.2,120000
94,390,2014,1,62.0,58.0,180000
770,375,2012,0,96.7,89.0,225000
637,510,2014,1,76.83,82.25,310000
1304,470,2013,1,64.7,84.6,265000
2334,625,2011,0,81.4,88.0,650000
2536,524,2013,1,73.0,76.0,200000
2492,335,2010,0,58.0,73.0,505000
1208,415,2014,1,70.67,78.3,300000
1395,535,2014,1,66.0,87.0,320000
1578,560,2014,1,90.2,87.4,350000
1198,445,2010,0,85.6,78.3,240000
275,695,2012,0,92.6,85.3,370000
2854,645,2010,0,95.9,84.67,555000
1152,595,2012,0,97.5,90.4,500000
1206,485,2012,0,89.0,85.0,280000
2080,485,2013,1,58.0,84.8,335000
1104,595,2012,0,90.4,94.2,465000
307,435,2011,0,70.66,80.07,460000
2818,430,2014,1,85.4,85.3,35000
2059,575,2011,0,68.2,68.0,395000
872,590,2013,1,79.23,74.0,200000
86,500,2013,1,91.1,88.1,315000
2826,525,2012,0,81.0,81.0,385000
2753,595,2011,0,67.0,84.0,150000
2830,655,2014,1,87.0,96.0,325000
1435,535,2010,0,85.0,82.0,410000
2610,385,2012,0,58.4,56.0,190000
209,570,2014,1,84.5,83.68,500000
2787,530,2014,1,69.6,79.6,200000
1966,554,2013,1,74.0,83.46,650000
2642,535,2012,0,62.8,75.0,360000
1987,575,2013,1,73.0,75.0,120000
2171,750,2014,1,82.0,90.16,300000
2782,295,2012,0,79.0,77.0,150000
931,635,2013,1,68.2,65.5,120000
2146,825,2013,1,73.0,86.0,450000
2425,615,2012,0,90.6,86.5,560000
130,575,2011,0,86.25,89.2,180000
1723,684,2012,0,80.6,89.4,800000
2071,560,2014,1,76.6,82.0,145000
954,510,2013,1,69.2,79.4,65000
555,575,2013,1,69.4,68.6,300000
2418,585,2013,1,83.0,86.15,335000
1930,554,2010,0,66.0,65.0,450000
1536,585,2012,0,86.5,87.52,630000
2431,570,2013,1,72.67,79.67,100000
201,545,2014,1,80.8,88.2,325000
2023,645,2014,1,65.0,77.0,250000
368,560,2013,1,62.0,73.0,260000
973,370,2014,1,76.5,78.8,95000
1634,800,2014,1,60.17,83.6,315000
2435,445,2014,1,76.0,86.92,340000
816,455,2012,0,71.0,74.0,145000
1954,565,2012,0,67.2,76.8,350000
1316,390,2013,1,67.5,81.38,120000
1905,705,2012,0,80.6,78.2,415000
256,270,2014,1,43.42,70.0,180000
1472,575,2011,0,77.8,88.2,400000
1699,445,2011,0,65.0,74.0,360000
2217,535,2014,1,64.0,64.2,200000
1605,415,2014,1,90.91,87.8,150000
1329,214,2011,0,59.0,52.0,255000
560,525,2011,0,65.0,68.0,500000
1877,545,2013,1,86.6,91.6,200000
373,395,2011,0,51.0,51.0,180000
2767,500,2012,0,87.0,88.3,300000
2839,615,2012,0,90.4,91.0,405000
1684,320,2013,1,49.0,53.0,185000
1167,430,2013,1,68.0,69.69,100000
2024,795,2012,0,78.8,83.0,450000
1204,650,2014,1,80.4,85.6,275000
972,570,2012,0,89.75,89.6,190000
1155,410,2013,1,63.0,87.4,775000
2036,510,2014,1,61.57,73.37,100000
2961,750,2013,1,79.0,87.4,250000
1071,620,2014,1,49.6,54.6,180000
774,295,2013,1,61.5,67.75,70000
324,485,2014,1,69.3,79.0,180000
2251,355,2012,0,57.5,54.5,360000
84,645,2011,0,58.0,71.0,410000
2681,500,2013,1,53.0,72.0,360000
1589,470,2013,1,63.0,64.66,105000
2659,665,2010,0,78.5,82.13,630000
2446,690,2014,1,75.2,86.8,260000
1920,545,2011,0,86.0,79.4,530000
91,285,2013,1,60.0,72.0,295000
430,355,2015,1,56.0,56.0,200000
2827,215,2012,0,91.3,87.0,400000
2339,590,2013,1,62.0,82.0,350000
2105,280,2014,1,91.25,81.4,150000
1345,545,2013,1,75.85,78.0,325000
257,715,2011,0,86.46,84.67,730000
888,595,2014,1,64.8,68.0,120000
2956,565,2012,0,68.0,67.0,240000
1466,620,2014,1,74.8,85.8,325000
1641,515,2013,1,52.0,79.6,160000
388,530,2013,1,91.0,73.0,290000
2383,595,2014,1,64.1,64.2,300000
273,655,2013,1,91.0,88.2,350000
756,455,2012,0,81.5,90.24,90000
1925,415,2014,1,65.0,70.0,240000
1956,470,2013,1,60.0,87.0,300000
2946,410,2014,1,57.8,70.0,200000
2176,495,2012,0,63.0,57.0,105000
802,735,2013,1,85.4,73.0,395000
2076,605,2010,0,72.4,85.2,450000
1207,705,2012,0,97.4,85.3,425000
2930,445,2013,1,79.0,87.0,340000
2558,705,2013,1,92.0,87.0,500000
2723,485,2015,1,64.4,71.6,95000
151,555,2012,0,83.0,84.0,450000
2292,395,2012,0,66.0,75.0,60000
714,635,2012,0,81.0,80.0,335000
2591,485,2012,0,72.0,81.9,325000
544,750,2012,0,77.8,77.6,180000
639,555,2011,0,73.0,82.0,430000
2745,735,2013,1,61.6,54.8,145000
423,500,2013,1,60.5,80.8,150000
2958,325,2011,0,70.0,80.0,630000
659,595,2012,0,88.0,91.0,375000
797,405,2012,0,95.3,93.5,300000
2971,605,2014,1,82.0,88.8,320000
2008,415,2013,1,81.0,88.0,100000
99,645,2014,1,75.6,92.2,325000
2898,475,2013,1,77.4,84.2,165000
2496,545,2014,1,60.42,82.87,300000
1871,565,2011,0,87.66,91.8,400000
2046,500,2014,1,86.0,94.0,200000
755,475,2013,1,71.25,74.3,225000
976,455,2013,1,72.5,80.0,120000
2163,325,2012,0,81.42,82.7,140000
1940,455,2013,1,49.67,64.57,95000
2825,605,2011,0,91.8,88.3,460000
2120,650,2011,0,78.4,82.8,110000
2893,495,2011,0,60.1,58.0,180000
537,544,2012,0,82.6,72.3,295000
1701,310,2013,1,78.0,81.2,120000
2897,425,2012,0,63.0,80.2,305000
2222,500,2013,1,60.36,70.58,100000
2135,555,2010,0,70.6,74.4,300000
2599,545,2014,1,76.6,78.0,325000
705,615,2012,0,68.6,85.4,250000
2362,575,2012,0,75.0,87.0,420000
2648,650,2014,1,69.8,93.6,115000
2647,485,2012,0,83.0,80.0,420000
1828,445,2013,1,78.0,79.5,360000
1778,575,2014,1,73.6,82.8,325000
277,595,2014,1,80.4,79.4,320000
1033,515,2012,0,71.0,80.0,450000
1731,605,2012,0,64.0,64.0,200000
763,500,2014,1,75.0,85.0,200000
835,295,2013,1,84.4,87.0,360000
1653,740,2014,1,78.0,72.12,345000
2607,545,2013,1,56.8,56.5,100000
2732,645,2012,0,53.44,75.71,310000
